{
    "accOffset": {
        "x": 823.8871291297346,
        "y": -682.2701260842914,
        "z": 842.115949003557
    },
    "accScale": {
        "x": 5.847155678330655e-05,
        "y": 5.847155678330655e-05,
        "z": 5.847155678330655e-05
    },
    "gOffset": {
        "x": -0.31884999999999997,
        "y": 0.04880000000000001,
        "z": -0.35644999999999993
    },
    "magOffset": {
        "x": -4154.660891620942,
        "y": 2211.639199618942,
        "z": 777.9524384752815
    },
    "magScale": {
        "x": 0.0002773468275482515,
        "y": 0.000244972282258551,
        "z": 0.00027722357289711766
    }
}