{
    "left": {
        "accOffset": {
            "x": -181.95396553031242,
            "y": 279.8838883746248,
            "z": 562.5132585723641
        },
        "accScale": {
            "x": 5.822718046201413e-05,
            "y": 5.822718046201413e-05,
            "z": 5.822718046201413e-05
        },
        "gOffset": {
            "x": -84.42,
            "y": -44.345,
            "z": 74.68
        },
        "magOffset": {
            "x": -1495.921891251875,
            "y": 797.3294338693809,
            "z": 1643.1164846751046
        },
        "magScale": {
            "x": 0.0002716071270421795,
            "y": 0.00024289183862656255,
            "z": 0.00027249691769288365
        }
    },
    "right": {
        "accOffset": {
            "x": -181.95396553031242,
            "y": 279.8838883746248,
            "z": 562.5132585723641
        },
        "accScale": {
            "x": 5.822718046201413e-05,
            "y": 5.822718046201413e-05,
            "z": 5.822718046201413e-05
        },
        "gOffset": {
            "x": -84.42,
            "y": -44.345,
            "z": 74.68
        },
        "magOffset": {
            "x": -1495.921891251875,
            "y": 797.3294338693809,
            "z": 1643.1164846751046
        },
        "magScale": {
            "x": 0.0002716071270421795,
            "y": 0.00024289183862656255,
            "z": 0.00027249691769288365
        }
    }
}