actual_mm,sensor1_measured_mm,sensor2_measured_mm
50.000000,82.349998,65.519996
100.000000,135.490005,116.660003
150.000000,185.080001,164.839996
175.000000,207.919998,189.649993
200.000000,230.059997,209.919998
225.000000,252.059997,230.929992
250.000000,273.070007,251.429992
275.000000,291.829986,267.279998
300.000000,308.440002,279.980010
325.000000,324.489990,293.119995
