22286, 0.00, 0.00,,,-137.5358251007913,147.93718630886943,79.96203169509819,171.99495350134958,158.8546097875619,-170.75065658978954
22334, -0.02, -0.00,55.739969044160844,,-137.34602743141218,147.3868670994761,79.79588483488233,176.21834808891322,161.00749458470642,-174.61390932173765
22374, 0.02, -0.04,55.739969044160844,,-137.19441129832552,146.9260161535505,79.6595073298126,179.7091034447327,162.7916716459354,-177.85016040388197
22407, 0.06, 0.06,79.19775093323237,,-137.0703999063913,146.54747599318955,79.54770228375023,182.59353613323677,164.2237268654165,-180.5753056858746
22450, 0.03, -0.01,79.19775093323237,,-136.9103545712484,146.0484923835991,79.40597808942212,186.35721290818557,166.11272714343892,-184.08678066711903
22487, -0.02, 0.01,79.19775093323237,,-136.76798525720687,145.62122412678335,79.28289401560723,189.57335904486985,167.6922337944977,-187.0708711752679
22522, -0.00, 0.02,85.45970779184255,,-136.63207272869755,145.2176687427505,79.16623158161752,192.58496914944124,169.18305710250087,-189.96765422819425
22562, 0.02, 0.04,85.45970779184255,,-136.48178035068975,144.753730058713,79.03670122570699,196.03553645901383,170.84140765365154,-193.28703767890806
22598, -0.02, -0.02,85.45970779184255,,-136.3468615256713,144.33666678560738,78.92238750450696,199.11926803237762,172.34004392760914,-196.22025548638095
22637, 0.00, 0.07,85.45970779184255,,-136.20052978612426,143.88613185853848,78.79839439949465,202.3965783720799,173.94291541194437,-199.41980816100107
22675, -0.00, 0.02,85.45970779184255,,-136.05767044524094,143.44510604763917,78.67858203355046,205.5916975123696,175.48421581428826,-202.57141485816746
22712, 0.04, -0.06,87.56498641044054,,-135.92502087265086,143.01239962914207,78.56829579621125,208.71304689904812,176.9138018914148,-205.615755160132
22750, 0.03, 0.00,87.56498641044054,,-135.7844949247376,142.56880306703107,78.45225131666686,211.895596860446,178.3355662793111,-208.77126494407713
22786, 0.07, 0.01,86.51140958705706,,-135.65761844813275,142.14692181608532,78.34653920373086,214.90256255491917,179.63127178438495,-211.81668820662586
22824, 0.02, 0.08,86.51140958705706,,-135.52107894503845,141.7011398427598,78.23682335487331,218.07638368566987,180.8871363491213,-215.05150900964097
22862, 0.05, 0.07,86.51140958705706,,-135.38456638031462,141.25604203721502,78.12665772417289,221.23171241400559,182.12815569350167,-218.32228065697413
22898, 0.04, 0.01,86.51140958705706,,-135.25861217438822,140.83423969401068,78.02676808732848,224.24901177384456,183.18483712286414,-221.47045272830928
22937, 0.04, 0.04,86.51140958705706,,-135.1234472942988,140.3780260892246,77.9203157137154,227.51592373918996,184.3194523147012,-224.78872589868084
22974, 0.01, 0.05,84.41003273888076,,-134.99492134618978,139.9445061588829,77.82112048624714,230.62039820727736,185.38232155453795,-227.9795559107012
23013, -0.06, -0.01,84.41003273888076,,-134.86137975864358,139.48789471236185,77.72104417973954,233.9327781776444,186.37115250472834,-231.39714875497486
23055, 0.10, -0.01,84.41003273888076,,-134.71987292094508,138.99267560542083,77.61311266089106,237.5202731719104,187.44533647283623,-235.0391129485664
23088, 0.01, -0.01,84.41003273888076,,-134.60998304014225,138.60479960898164,77.53088524002739,240.33674828992068,188.22429068358215,-237.88834095681293
23128, 0.02, -0.06,84.41003273888076,,-134.4742389789835,138.13540243048539,77.43008399503645,243.69878083614134,189.20778149064896,-241.27556254293415
23164, -0.02, 0.00,89.67718498562583,,-134.35524092210764,137.71030461104343,77.34497000845796,246.54651036762215,190.36446970641927,-244.03007000016305
23204, 0.05, 0.03,89.67718498562583,,-134.22113585266283,137.23919191402655,77.24911242761874,249.31166861286601,191.99424929154725,-246.53431480776885
23245, -0.01, 0.01,84.41003273888076,,-134.08810960993452,136.7557968354891,77.15524510146658,251.78334997074876,194.13116726903178,-248.75354093058274
23278, 0.03, 0.02,84.41003273888076,,-133.9809533155548,136.36710221525777,77.08139409343818,253.4428431178828,196.05553212463192,-250.27415900793315
23317, 0.03, 0.05,84.41003273888076,,-133.85914715818112,135.90645405913273,76.9991332213866,255.27404001224514,198.3777025292399,-252.31020599149946
23354, 0.01, 0.07,86.51140958705706,,-133.7386634332849,135.47217455289194,76.91723860857462,257.0035124911753,200.55439941306292,-254.22724994022607
23391, 0.01, 0.10,86.51140958705706,,-133.61780183599615,135.03872647147927,76.83491595228523,258.72877192595786,202.6755278991144,-256.56626345461046
23432, -0.02, -0.02,84.41003273888076,,-133.47431212248603,134.55937384342224,76.74163072523575,260.5768406387539,204.7941443729401,-259.5519010737976
23465, 0.04, 0.15,84.41003273888076,,-133.36040286376374,134.17378671339293,76.66902023891684,262.05249983050516,206.47019174209947,-262.1342137974924
23503, 0.06, -0.03,84.41003273888076,,-133.2261549009087,133.73270809709243,76.58521359901525,263.8704924896114,208.31905321637228,-264.98453834830025
23540, -0.01, 0.02,85.45970779184255,,-133.09721000870985,133.30175128691388,76.50445693674047,265.70500200788535,209.91649850839246,-267.84099896294873
23579, 0.01, 0.02,85.45970779184255,,-132.96829291900778,132.84568276403184,76.42412920384879,267.7931341776712,211.61300922920069,-270.8754588016264
23621, -0.03, -0.00,86.51140958705706,,-132.82455431842175,132.3585571958275,76.33585298558903,270.6209825862918,213.30338799438113,-273.1957809977984
23655, -0.04, 0.06,86.51140958705706,,-132.70493560270026,131.9655480016112,76.26283238929874,273.33153989355196,214.6470906380943,-276.04222977232223
23694, 0.01, 0.01,86.51140958705706,,-132.56478976818167,131.5136698747811,76.18166889221727,277.00479275114213,216.00472241051028,-279.09226898976175
23730, -0.00, -0.04,87.56498641044054,,-132.43333914459268,131.09903091182792,76.10207094748522,280.71299961156615,217.22088301954847,-281.836249913276
23770, 0.09, -0.04,87.56498641044054,,-132.28933855370803,130.63820998510292,76.01923982681025,285.10765939413375,218.32204463813326,-285.1047607084134
23813, 0.06, 0.01,84.41003273888076,,-132.12999321135706,130.14651667476437,75.92666066259945,289.89922444980374,219.22380162209544,-288.3152716587878
23849, -0.00, 0.05,84.41003273888076,,-131.99388067733972,129.7375386045658,75.84837651741236,293.65419070736186,220.31596548112498,-290.5462108831289
23886, 0.06, 0.02,84.41003273888076,,-131.8500731105413,129.31819057800945,75.7679693920387,297.2375053333298,221.37872279832916,-292.5316765549091
23923, 0.05, 0.01,86.51140958705706,,-131.70304427054148,128.89925928185517,75.69020209566791,300.4678797334061,222.61100718637294,-294.5725556742283
23961, 0.00, 0.09,86.51140958705706,,-131.55831414357502,128.46411191454112,75.61423931263819,303.54914842688913,224.1709243671647,-296.9141358357168
23994, -0.07, -0.03,86.51140958705706,,-131.42300708837314,128.0937300445536,75.54502946886723,306.0511328438934,225.41101551295097,-298.87121634908414
24028, 0.05, 0.16,86.51140958705706,,-131.28455794277613,127.71144688311199,75.47498501165016,308.4951944802688,226.72545250211655,-301.07506580635516
24067, 0.05, 0.00,86.51140958705706,,-131.12608380210267,127.27122999310257,75.39573328885253,311.1891604892913,228.20613589952234,-303.6240517353553
24103, -0.06, -0.05,86.51140958705706,,-130.98173287935862,126.86547666562501,75.32768055622792,313.57506823178716,229.4407837844721,-306.1769919166604
24141, 0.06, 0.04,86.51140958705706,,-130.81046543247885,126.44490564623416,75.24376022312198,316.1093883980238,230.6906575777906,-308.8330752127603
24187, 0.01, -0.09,84.41003273888076,,-130.60078073699415,125.93676937878324,75.13826674898263,319.14970211754735,232.0458225703921,-312.24409480864443
24224, -0.01, 0.00,84.41003273888076,,-130.43171910421017,125.5306591912024,75.0565337919201,321.77656885295016,232.93740389708975,-315.2688790135846
24263, 0.03, -0.01,84.41003273888076,,-130.25474838530047,125.10126939778564,74.97674559018824,324.55819013626797,233.867189722249,-318.41172692044813
24300, -0.01, -0.00,88.62029190014282,,-130.08848805964928,124.69526744552974,74.90526081261089,327.25521431794226,234.61299389151867,-321.4755025841332
24336, 0.00, 0.06,88.62029190014282,,-129.91276682655774,124.30633701000411,74.82510761201108,329.9843426697735,235.09086093533645,-324.59139515856606
24369, -0.02, -0.05,88.62029190014282,,-129.75281787711603,123.94895142698229,74.75252222262064,332.617179118031,235.43098484950147,-327.5255181185974
24412, 0.05, -0.01,88.62029190014282,,-129.5402060447948,123.48552715635985,74.66122883900034,336.2253595255273,235.59562388381957,-331.1037664683315
24446, -0.06, 0.00,88.62029190014282,,-129.37059122991238,123.11829939069716,74.59282649054641,339.1924556635446,235.754044696456,-334.0200190713311
24483, -0.05, 0.02,86.51140958705706,,-129.1748618834332,122.7263560003576,74.51698927029997,342.3924733975766,235.9453709488905,-337.19792582215206
24523, 0.06, 0.05,86.51140958705706,,-128.96191878729124,122.30483019972253,74.43516204296292,345.83941500457024,236.32643531189476,-340.52048130720897
24565, 0.02, -0.10,86.51140958705706,,-128.7332341411237,121.86295162869361,74.34240331046134,349.2308540104072,237.01356069810555,-343.70878955809263
24603, -0.07, -0.01,86.51140958705706,,-128.52046051107183,121.46636758417092,74.26195885697692,352.254494537892,237.8760658699404,-346.4416164597122
24641, -0.06, -0.06,86.51140958705706,,-128.29315469156964,121.07609600995673,74.1759947366497,355.27780113148515,238.98018237726222,-349.1502383495721
24677, -0.03, -0.04,88.62029190014282,,-128.08568206410595,120.70447948210844,74.1023898403282,358.2251213549099,240.14091935801923,-351.775182262155
24715, -0.06, 0.01,88.62029190014282,,-127.85636881832048,120.31601578383119,74.02064502574036,361.5145024180114,241.4492746815528,-354.5057101654189
24751, -0.06, -0.11,86.51140958705706,,-127.6372750360922,119.94978499223407,73.9431675588132,364.723361582394,242.70158095019673,-357.1753700124746
24788, 0.03, 0.05,86.51140958705706,,-127.39843664825536,119.58115030229574,73.86167449104957,368.0795491164672,243.90525240544497,-360.01695692199525
24825, -0.03, 0.00,86.51140958705706,,-127.16359996200758,119.21123774328404,73.7905956508696,371.409701878014,245.12526578935206,-362.7943369743863
24862, -0.00, -0.08,84.41003273888076,,-126.92607182236799,118.84402470349292,73.71587895687247,374.70993218386803,246.33635511372526,-365.7986040459086
24899, 0.05, 0.06,84.41003273888076,,-126.67981122787018,118.4789634425454,73.63824242938101,378.0179063243668,247.4950973903545,-368.85165583115935
24935, 0.03, -0.09,89.67718498562583,,-126.43340229013982,118.13070329407142,73.56681290892575,381.10722809913585,248.75625514677066,-371.52557872801725
24973, 0.01, 0.09,89.67718498562583,,-126.17173528123992,117.76216041171733,73.49876508572312,384.27525399753836,250.0636312820255,-374.3379718287377
25012, -0.04, 0.04,89.67718498562583,,-125.89298465097232,117.39003448413688,73.42491519444134,387.6085184962497,251.40193526746478,-377.60685332403506
25048, -0.06, 0.01,86.51140958705706,,-125.62420528792583,117.05519506486978,73.35180669679234,390.7874539635969,252.59354522280705,-380.5983792814704
25086, -0.00, 0.09,86.51140958705706,,-125.33582315273054,116.70303635323623,73.27862065834707,394.1526491992346,253.95996615339635,-383.51485089266686
25122, 0.04, -0.04,85.45970779184255,,-125.06134921061086,116.37105058460362,73.21087729615076,397.25354325544964,255.34876720646292,-386.220101196598
25162, 0.03, 0.07,85.45970779184255,,-124.74684465684388,116.00756174915831,73.13513176979113,400.6192070364068,256.95551953507436,-389.4157958748239
25202, -0.02, 0.09,85.45970779184255,,-124.41529342567536,115.65600845236608,73.06035881141818,404.0069154210911,258.80182038080943,-392.4260667293395
25238, -0.01, 0.00,86.51140958705706,,-124.11396757210225,115.34378720647574,73.000942604993,406.959079723866,260.42365145708135,-395.22275372602735
25275, -0.02, 0.07,86.51140958705706,,-123.78891529621285,115.03015949866689,72.92657667133234,409.88858602873916,262.1823978568082,-398.0807288194249
25311, -0.02, -0.02,83.36254155541035,,-123.47725249056957,114.72278028337502,72.87094657843603,412.7174798976626,263.88743320288756,-400.8432283036249
25351, 0.04, 0.04,83.36254155541035,,-123.11322413911223,114.39552242003188,72.80071337426925,415.9600742661745,265.7290023501994,-403.7494507193131
25391, -0.03, 0.05,83.36254155541035,,-122.7538004980534,114.06283971483327,72.7433045060676,419.2217156150752,267.47175949530043,-406.9213547669602
25426, -0.05, -0.00,86.51140958705706,,-122.42109984574849,113.78553396761528,72.68902744136736,422.1589714264365,268.917542751155,-409.77385672547666
25460, 0.01, 0.01,86.51140958705706,,-122.10189239924328,113.51139207360094,72.64420607601643,425.0425431261403,270.3070095494367,-412.65572943505947
25496, 0.01, -0.04,87.56498641044054,,-121.75523641540312,113.23031373479219,72.60676175924567,428.0906632802547,271.7246628154143,-415.5503784046131
25536, 0.00, 0.09,87.56498641044054,,-121.36873203369593,112.91836257194697,72.56859150719606,431.51333103256655,273.19941646807916,-418.97861721827076
25574, 0.01, 0.04,87.56498641044054,,-120.97816200736546,112.63880685582498,72.52617405723257,434.79858175390046,274.4982508626955,-422.17377932458004
25611, -0.01, 0.04,88.62029190014282,,-120.58986155059469,112.37191993146602,72.48783509614341,437.9915833484791,275.7737204111469,-425.20417626883176
25649, -0.03, 0.09,88.62029190014282,,-120.18567214898822,112.10087224899785,72.44986108901455,441.2688354587669,277.1276647512567,-428.3160392137529
25694, -0.02, -0.06,84.41003273888076,,-119.69093860132516,111.7943651470486,72.41154723525679,445.11074228656923,278.7417546170237,-431.99843470838914
25731, -0.04, 0.05,84.41003273888076,,-119.28033499657883,111.54333620110984,72.38020262482124,448.1785321183479,280.1678125523398,-434.88522554287624
25768, -0.04, -0.03,84.41003273888076,,-118.87030203302125,111.2920378420326,72.359477403375,451.3566063382976,281.52970881150884,-437.91023070899985
25805, 0.02, -0.01,84.41003273888076,,-118.44002906064259,111.05586522311316,72.33041299990823,454.605758728915,282.8741364167044,-441.0018703399989
25844, -0.03, 0.07,84.41003273888076,,-117.9764465502694,110.81408668956828,72.31487622936723,458.0557332125971,284.28607548908633,-444.19215384904993
25880, -0.03, -0.03,84.41003273888076,,-117.55052975382411,110.59072296754375,72.29792425717648,461.2160267919694,285.5732542190769,-447.22241563847564
25919, 0.06, 0.05,84.41003273888076,,-117.08289903180648,110.35040125439292,72.3015028289629,464.6952160179748,286.9281830746127,-450.59886941937225
25956, 0.02, -0.03,84.41003273888076,,-116.61215258387583,110.14587106743134,72.289929580794,467.97063983089464,288.18577176504783,-453.8721678615968
25993, -0.03, 0.00,86.51140958705706,,-116.14771790049967,109.93550923154196,72.2817782092977,471.18466483638537,289.36635749272665,-457.16263798922665
26031, 0.05, 0.02,86.51140958705706,,-115.66299537867597,109.72342809014825,72.28105021317762,474.475354354103,290.576571885115,-460.57508187512764
26064, -0.01, -0.09,83.36254155541035,,-115.2403802524259,109.54336546616352,72.28610261955583,477.302487491874,291.61299423388317,-463.4626441383649
26102, 0.04, 0.03,83.36254155541035,,-114.742347660005,109.34221476075865,72.2928681987898,480.5001330897845,292.8856536424734,-466.8134118432931
26139, -0.05, -0.04,83.36254155541035,,-114.2534599709741,109.15241869502054,72.29828760517961,483.6991284752178,294.1015889896733,-470.17001268197293
26176, -0.06, 0.07,83.36254155541035,,-113.7459503897663,108.97842466988719,72.2954662495283,486.9397771455786,295.3581393243595,-473.56335796856007
26216, 0.08, 0.08,83.36254155541035,,-113.17043132969317,108.80838475167796,72.29991528097767,490.49486346964477,296.6934641709415,-477.1551238232873
26252, -0.02, 0.02,87.56498641044054,,-112.6572053950396,108.65316630209507,72.31017553025185,493.762265778385,297.88765183078914,-480.3863515795344
26292, -0.07, 0.02,87.56498641044054,,-112.09248538687007,108.47421097700492,72.3258201812371,497.465676559571,299.12606949044385,-483.94815705075416
26330, -0.02, 0.01,87.56498641044054,,-111.54429221740169,108.31466754175035,72.35979548056301,501.07259674084986,300.2754771498089,-487.36063392366816
26365, 0.05, 0.06,88.62029190014282,,-111.03567577138827,108.17109482618488,72.40548441377639,504.46603852309016,301.25094381179326,-490.5122630744746
26404, -0.02, -0.03,88.62029190014282,,-110.45791367453197,108.01685521755202,72.44463982913955,508.229638188973,302.2510071542053,-493.85559419645637
26441, -0.04, 0.06,86.51140958705706,,-109.90088902619141,107.88164547173386,72.48544718457204,511.83558337628824,303.1771130770403,-497.05954161791215
26479, 0.01, 0.03,86.51140958705706,,-109.31993832938984,107.75109042815825,72.5237483414673,515.4964189151464,304.02775733685553,-500.3121875866357
26517, -0.06, 0.12,86.51140958705706,,-108.74451238174522,107.6124862650478,72.59234892478398,519.0913958652133,304.9043209985032,-503.5419857851452
26554, 0.05, 0.04,88.62029190014282,,-108.17009099711716,107.48711840530946,72.64380180910508,522.5017211701941,305.7811018491718,-506.67339180567757
26590, 0.02, 0.05,88.62029190014282,,-107.60970208467613,107.36647012804397,72.69937895304564,525.7195742879265,306.5765270232428,-509.94507837181646
26627, -0.04, -0.02,84.41003273888076,,-107.02990202338619,107.24829898500457,72.76471640774147,528.9614947183777,307.46844302407277,-512.8854967815262
26664, 0.03, 0.07,84.41003273888076,,-106.44598432218268,107.13012107181459,72.83088524293196,532.095349337237,308.3498121236361,-515.7925662350135
26703, -0.04, -0.02,84.41003273888076,,-105.81839891849661,107.01458025408388,72.91027250441654,535.2126215938705,309.2565026504646,-518.9327833009054
26739, -0.04, 0.01,88.62029190014282,,-105.23119661288706,106.91110118564659,72.97612829857971,537.9846364026927,310.11091814659596,-521.69365410664
26779, 0.15, -0.00,88.62029190014282,,-104.57573977270367,106.80220012207666,73.03393698431007,541.0118168643436,311.1027814386993,-524.6253929479892
26816, -0.01, 0.03,83.36254155541035,,-103.95552052796053,106.71259822947904,73.11124418928014,543.6480097248855,312.0752294633033,-527.1863553993804
26850, 0.01, 0.04,83.36254155541035,,-103.39740255057157,106.6193524025642,73.19675846786927,545.9192694121581,313.0516475280964,-529.5392861207093
26887, -0.02, 0.02,83.36254155541035,,-102.78367612902875,106.523612055209,73.28373047574593,548.4441673360327,314.07439790697305,-532.2767721955072
26924, 0.03, 0.05,88.62029190014282,,-102.15728007852564,106.4340255935654,73.36919250840727,550.8555943637122,315.0769365786495,-534.7166338660861
26960, 0.06, 0.09,88.62029190014282,,-101.54842303670209,106.34643879813156,73.46322750230568,553.0987950926208,316.16882785122374,-537.0642029188776
27005, -0.01, -0.02,85.45970779184255,,-100.77232737101527,106.24820155942075,73.56916876520957,555.952738350383,317.46427604630964,-540.1288653989532
27044, 0.05, 0.05,85.45970779184255,,-100.10689399936334,106.15465155413906,73.70134234367038,558.4514187940822,318.58672778561714,-542.7217153950851
27084, 0.04, -0.05,85.45970779184255,,-99.40509389195655,106.07241656138046,73.80341177319377,560.9476337785381,319.72513180841844,-545.3401585454172
27117, 0.02, 0.11,85.45970779184255,,-98.82682107573012,105.99998140102863,73.89914891416534,563.1449183219995,320.59105583918176,-547.6031025239081
27155, 0.02, 0.02,85.45970779184255,,-98.15279891378457,105.92332167226684,74.01656387823881,565.7532438322758,321.5777956606485,-550.2146010435883
27192, -0.01, -0.04,87.56498641044054,,-97.48948060791918,105.85726114649222,74.12196409673604,568.3139117701797,322.4501372660858,-552.7927357274602
27231, 0.00, 0.03,87.56498641044054,,-96.79248970597956,105.78008590571986,74.23000416909515,571.0064537636962,323.3604072842154,-555.5223535150182
27273, -0.06, 0.01,87.56498641044054,,-96.05236681370386,105.6865052169904,74.37591182335639,573.9322341124292,324.27640844878795,-558.6022904341894
27307, -0.03, 0.07,86.51140958705706,,-95.44294881095739,105.61885493315435,74.48787030073801,576.3057710153242,324.9777396641976,-561.0427086089431
27344, -0.04, 0.01,86.51140958705706,,-94.78121780925879,105.54534052809137,74.62599676469131,578.8854471971016,325.7613649444181,-563.6937943580169
27381, 0.00, -0.11,85.45970779184255,,-94.11741572219177,105.46883496766804,74.76648978728636,581.5337972104022,326.534771360939,-566.4396233539795
27421, 0.02, 0.08,85.45970779184255,,-93.39306785040166,105.3886578528043,74.91315970775324,584.3190059633291,327.418751129782,-569.2341416692527
27467, 0.01, -0.04,86.51140958705706,,-92.55337583811767,105.29740653928813,75.0775736107818,587.7284691928467,328.4338710405087,-572.6263072935733
27507, 0.02, 0.06,86.51140958705706,,-91.81766312658759,105.21859223669276,75.23370187431927,590.7761589605739,329.29036757675004,-575.5676303500076
27550, -0.04, -0.02,86.51140958705706,,-91.0187258682168,105.1418421705386,75.40490593606062,594.1318112799073,330.2461403722207,-578.7013475087051
27583, -0.03, -0.03,85.45970779184255,,-90.41058540510245,105.07441015528487,75.54342344962433,596.7538962135807,330.9963172507172,-581.0502472277666
27623, 0.03, 0.00,85.45970779184255,,-89.65778662913026,105.00788076041515,75.70695265462369,599.9813059497692,331.9509045333359,-583.8795486912915
27660, -0.02, 0.02,85.45970779184255,,-88.96700442273242,104.93379116662683,75.86347126549468,602.975510913938,332.85276597541804,-586.4611624821803
27698, -0.03, 0.03,85.45970779184255,,-88.25447064740084,104.86558513055182,76.02067677519739,606.1119068517785,333.8580294284159,-589.1701892164618
27740, -0.01, -0.07,85.45970779184255,,-87.45566343385313,104.79381108333477,76.18291503150368,609.6153798574375,334.97631101264494,-592.2227807187497
27783, 0.11, -0.01,85.45970779184255,,-86.64154166128968,104.71535616344954,76.37041400841099,613.2269326278165,336.2692927987084,-595.3374982713061
27822, -0.01, -0.00,85.45970779184255,,-85.8993524120718,104.64720362558388,76.5523421334445,616.5447033280465,337.5988216016045,-598.1663088131413
27858, -0.02, 0.00,85.45970779184255,,-85.21576477960785,104.57780862817617,76.72609493300882,619.6810017876476,338.9172622118196,-600.9499628855252
27895, 0.02, -0.01,85.45970779184255,,-84.50546088862833,104.5094966657071,76.89094619585046,622.9282401275287,340.37766196320536,-603.9277973665908
27940, 0.02, 0.02,87.56498641044054,,-83.64723342322506,104.42226597119947,77.12208820509265,626.8525462310575,342.3116159718515,-607.500478901855
27978, 0.03, 0.02,87.56498641044054,,-82.91503814985234,104.34754571891735,77.29047631058981,630.2603644975485,344.0280046784303,-610.6200435842616
28018, 0.00, -0.09,87.56498641044054,,-82.13617049718519,104.27910253952541,77.4790643789477,633.9102308799565,345.7736348833295,-613.8946132432106
28051, -0.04, -0.02,87.56498641044054,,-81.50509206853741,104.20441940409052,77.6460162100535,636.9461802527642,347.18055914594385,-616.4990406265416
28090, 0.03, 0.06,87.56498641044054,,-80.75390509905436,104.12231924207416,77.85028293801365,640.5471718894091,348.8819197434824,-619.468484708424
28126, 0.02, 0.00,86.51140958705706,,-80.04578805332142,104.06114422301937,78.01951825842212,643.9402018917546,350.47617105749833,-622.26813708522
28165, 0.04, 0.02,86.51140958705706,,-79.28159132988611,103.98819246662447,78.20948220523478,647.5328037860885,352.1365085834095,-625.1521170785047
28207, -0.06, 0.01,86.51140958705706,,-78.45206562256536,103.91828735247356,78.42306844924252,651.3669660546278,354.01041391029867,-628.3006457403303
28250, -0.01, 0.02,86.51140958705706,,-77.61278617500088,103.82386745654095,78.6435306226614,655.2673553431395,355.8649872498825,-631.5169627981978
28290, 0.02, -0.01,86.51140958705706,,-76.82040806019435,103.75227128559047,78.87095268344781,658.9917707936713,357.7781070777191,-634.5479557729383
28325, -0.00, -0.01,85.45970779184255,,-76.1223335821673,103.68631236112408,79.0566803973019,662.1479751165849,359.40993484605787,-637.2959426685791
28363, 0.00, 0.07,85.45970779184255,,-75.37109946948998,103.61156573054978,79.27161073486833,665.5693332840927,361.1448528265438,-640.3535722205777
28407, -0.00, -0.03,84.41003273888076,,-74.48615900716986,103.5317276082478,79.50464578955771,669.5308543576691,363.18547698286824,-643.7648681784165
28447, -0.02, 0.04,84.41003273888076,,-73.67881326126562,103.45807570408228,79.71197906415702,673.0352789231152,364.94675535348273,-646.9897122337574
28490, 0.01, -0.01,84.41003273888076,,-72.81181735455368,103.38229625306367,79.95913496917191,676.7093029509481,366.84544327193214,-650.6265154719082
28524, -0.02, 0.04,84.41003273888076,,-72.13393349365312,103.30918043960645,80.16742165314822,679.5624272436852,368.35511808405255,-653.2116291909873
28563, 0.03, 0.05,84.41003273888076,,-71.34742480719021,103.23472810614774,80.39678759691053,682.7116928290819,370.1242526358176,-656.1295299799256
28599, -0.04, -0.06,85.45970779184255,,-70.62230421950309,103.16229611044106,80.61548619810674,685.535184332247,371.7279753112432,-658.9256492739037
28638, -0.00, 0.02,85.45970779184255,,-69.82047636820066,103.08858412560704,80.82404781584184,688.686403280117,373.401331719988,-661.9278135795716
28680, -0.01, -0.06,85.45970779184255,,-68.96260135387777,103.00246690136478,81.05766631364887,692.1374634729806,375.1406000669742,-665.288091102519
28713, 0.07, 0.09,85.45970779184255,,-68.29338575715393,102.92766535308729,81.25644037710377,694.8791936459734,376.43284536818777,-667.9898311964479
28751, 0.01, 0.01,85.45970779184255,,-67.52427074861357,102.84770716164068,81.5022508537795,698.0581424668286,377.89889326892563,-671.2528473062736
28788, -0.07, -0.05,83.36254155541035,,-66.76934406219945,102.77084509535652,81.74008920230948,701.2645725073763,379.1433326884042,-674.4763019128288
28828, 0.05, -0.00,83.36254155541035,,-65.95866737413985,102.69657359642582,82.02922764521523,704.8647181556555,380.45941087259257,-677.9561572606029
28861, -0.01, -0.07,83.36254155541035,,-65.28196599348409,102.6303642476333,82.24800747465432,707.8733479275865,381.47125163142033,-680.8737457146485
28894, 0.04, 0.03,87.56498641044054,,-64.59894165530173,102.57041485086482,82.45786595516938,710.9648613771283,382.4160724093962,-683.8030289539819
28932, -0.01, -0.00,87.56498641044054,,-63.81304235087628,102.50407728916264,82.71710429879435,714.4179438984681,383.63072403519334,-687.0104791725963
28968, -0.02, -0.09,86.51140958705706,,-63.07723107409605,102.42899478176523,82.97524152832784,717.6718451962631,384.70367791870933,-690.2555430675718
29006, -0.01, 0.08,86.51140958705706,,-62.29359881086106,102.35762260183762,83.24791239979184,721.1200602444089,385.7761137873914,-693.6929918347478
29046, 0.00, 0.00,86.51140958705706,,-61.46855518089338,102.27549261918531,83.53533614849816,724.7079246332515,386.9505626773285,-697.1343808872014
29080, 0.05, 0.06,84.41003273888076,,-60.76143029845047,102.21277341874949,83.76966059103488,727.7955744623376,387.92192076444434,-700.0645235979332
29113, 0.02, 0.11,84.41003273888076,,-60.077519345829444,102.14496369412322,84.00456063624243,730.781630846411,388.86973219869907,-702.8819149080986
29146, -0.11, -0.11,84.41003273888076,,-59.39453000695877,102.07867333800532,84.25173089013546,733.7645503332265,389.852024527688,-705.7756793881662
29179, 0.04, 0.06,87.56498641044054,,-58.715193199757664,102.01363333387383,84.51134540082687,736.7403677971884,390.8034151384997,-708.6635199910031
29216, 0.04, -0.01,87.56498641044054,,-57.92533589062415,101.9566349162714,84.74416579871793,740.0715390053291,391.79363410017515,-711.8260126175918
29253, -0.02, -0.08,86.51140958705706,,-57.16336161997722,101.87378039853598,85.0374023569689,743.4336066805188,392.72754164543466,-715.0421666682922
29292, 0.03, -0.01,86.51140958705706,,-56.34983469135546,101.79216272944649,85.32848324522247,747.0154848877702,393.6960166196262,-718.4783492167941
29329, -0.02, -0.06,86.51140958705706,,-55.575691640375446,101.71620004103661,85.60266632107917,750.4907507256476,394.5678921291229,-721.5684145867151
29362, -0.03, 0.05,84.41003273888076,,-54.87707376223867,101.66305775188266,85.84591000113757,753.5275898062472,395.3301362039626,-724.4785826568484
29402, 0.00, -0.04,84.41003273888076,,-54.020518777462165,101.59551790195906,86.11864528357754,757.1578155569202,396.2222957353427,-728.0040511317133
29438, -0.09, -0.02,84.41003273888076,,-53.30642072785213,101.5207922350179,86.4907747856739,760.4763222470654,397.0023043834259,-730.8330939752798
29476, -0.04, -309.66,84.41003273888076,,-52.49836792765228,101.44823908754157,86.76164468660288,764.0388779807378,397.91752036456734,-734.075857244844
29518, -0.03, -0.05,84.41003273888076,,-51.591876913589324,101.39957708175031,87.06172611934929,767.9348536483402,398.8836410058636,-737.6022393718779
29552, -0.01, 0.01,88.62029190014282,,-50.86300681448385,101.33875548689726,87.29790671287665,771.1129207303321,399.6711839212886,-740.5122244737211
29591, 0.01, 0.08,88.62029190014282,,-50.03232219435354,101.30187558012528,87.61754125777728,774.7879632946581,400.57175752797286,-743.849100946705
29627, -0.01, 0.08,86.51140958705706,,-49.270611912141035,101.24217958337023,87.91191989051289,778.1100923949377,401.3879722828819,-746.8744028755184
29664, 0.02, 0.05,86.51140958705706,,-48.46633208549064,101.18856353089586,88.15946734125531,781.4699791312338,402.1947332875581,-749.9568511864335
29706, -0.04, -0.04,86.51140958705706,,-47.57254024252121,101.16129815502543,88.5136856887588,785.1936491322926,403.105237061589,-753.3951952496088
29739, -0.03, 0.01,87.56498641044054,,-46.866091550099725,101.10134005241076,88.7655163444413,787.9439783278889,403.88387586525107,-755.8860988509895
29775, 0.02, 0.05,87.56498641044054,,-46.07526344894899,101.08049179159545,89.002801332065,790.839220318261,404.8305568109111,-758.4921595820496
29811, 0.01, -0.05,88.62029190014282,,-45.29928539983177,101.07164410257435,89.29300290581605,793.5694986778132,405.91802050931193,-761.0707044279186
29848, 0.01, 0.15,88.62029190014282,,-44.500689945999035,101.0380404823775,89.58343793692514,796.3304966149011,407.0458856028378,-763.6692024082187
29886, -0.02, -0.01,88.62029190014282,,-43.70082053515606,101.02534359491972,89.93537863677906,799.0426331398947,408.2287373614059,-766.2365936668792
29923, 0.03, 0.03,84.41003273888076,,-42.8773552689491,100.92899864673217,90.10812190668139,801.6723145588568,409.4386533121328,-768.7096671798428
29960, 0.05, 0.09,84.41003273888076,,-42.06864509702181,100.90362602720114,90.37500146013345,804.2678617788365,410.7699752523205,-771.2343883405894
29997, -0.03, -0.02,86.51140958705706,,-41.39626114548871,100.9963171644532,90.87966566885628,806.7470666122325,412.1077416715694,-773.6252861594245
30034, 0.00, 0.03,86.51140958705706,,-40.58373589257496,100.91767624350878,91.11689821507632,809.1341240542466,413.4447348908191,-776.0657305073478
30074, -0.00, 0.02,86.51140958705706,,-39.70822480302478,100.94863742838334,91.40893689292595,811.9213844358013,414.89701940318287,-778.5629292233373
30107, -0.03, -0.06,87.56498641044054,,-38.99014001562379,100.95372519050218,91.66110551218166,814.2102076912283,416.0411795019524,-780.6667513750124
30143, -0.00, 0.02,87.56498641044054,,-38.16157385201009,101.0168590651464,91.64951507374373,816.6223428144734,417.31559213412396,-783.0887054336472
30188, 0.04, 0.04,85.45970779184255,,-38.35273805350429,101.20439164892248,92.61403492699795,819.7150830732018,418.80606994885306,-786.0476692871783
30227, 0.08, 0.04,85.45970779184255,,-37.74948987195079,101.06663830302297,91.95995230879484,822.3975215203438,420.06611451462913,-788.6596530182711
30268, -0.08, -0.07,85.45970779184255,,-37.12146953513049,101.23574956176803,92.61457146797692,825.2202381609742,421.42128894958705,-791.306908567814
30302, -0.02, 0.03,87.56498641044054,,-37.055635534069495,100.80488121112852,92.13003977966409,827.6068821243568,422.5283079298212,-793.5319991120592
30340, -0.06, -0.02,87.56498641044054,,-37.45287298039591,101.22024648333404,92.64345809936326,830.294272503464,423.73843041293327,-796.1143156337561
30375, -0.02, -0.04,84.41003273888076,,-37.57446022901861,100.94658500728322,91.95025496675356,832.8245223729041,424.8876966447188,-798.6635132467779
30413, -0.02, 0.02,84.41003273888076,,-37.34799851018122,101.34263080886245,92.57310881136608,835.6134873651993,426.06137824916743,-801.3462742870738
30450, -0.01, 0.02,84.41003273888076,,-37.885342282687205,100.94130217497967,92.30375983605089,838.2982277058373,427.20966951502567,-803.9012175910833
30483, -0.01, -0.04,87.56498641044054,,-37.31460809740114,101.19785743090233,91.94592439407725,840.7294881581596,428.2361882320742,-806.3035917947333
30522, 0.03, 0.01,87.56498641044054,,-37.65448962792196,101.25425525214321,92.7540736517041,843.6367133478806,429.4522326751486,-809.1392673004199
30558, -0.03, -0.02,85.45970779184255,,-37.30051408833589,101.01157665025036,92.07500824944971,846.3354492125501,430.5418940250022,-811.7599396265482
30597, 0.02, 0.08,85.45970779184255,,-37.73939504746137,101.18399573035256,92.80340498664908,849.2222583716131,431.80680849952984,-814.4820755639892
30637, -0.02, -0.04,85.45970779184255,,-37.23477280500109,101.010359565853,92.05829000626,852.1450362217967,433.07773004048283,-817.2729634231091
30670, -0.00, 0.03,86.51140958705706,,-37.47807003313136,101.21776651171909,92.70438341882458,854.5153745077304,434.18444620382814,-819.3903836574384
30710, 0.04, -0.05,86.51140958705706,,-37.45629066723061,101.23373505559312,91.7750945549935,857.3074376517471,435.7016746810118,-822.1135757189357
30746, -0.06, 0.02,86.51140958705706,,-37.72018901139955,101.28054922971991,92.53974221227664,859.8558271459112,437.0479806162581,-824.6046124323158
30785, 0.04, 0.11,86.51140958705706,,-37.71906647305718,100.91161808654638,91.80974903183714,862.5352622284424,438.6212751762688,-826.7868375255256
30826, 0.04, 0.05,86.51140958705706,,-37.67902014061047,101.32943722649725,92.53442656895955,865.3518202399573,440.4738430108798,-828.8600647151384
30860, 0.00, 0.00,84.41003273888076,,-37.268285788653834,101.0423378751485,91.99041886668816,867.5687408415209,442.01212043539016,-830.4056788216944
30899, -0.02, -0.01,84.41003273888076,,-37.618492643969155,101.39705056733166,92.64179306547362,870.1274533316995,443.97913292039783,-832.2322363936934
30936, -0.04, 0.01,83.36254155541035,,-37.20120658341179,101.03324462352026,92.08936440593378,872.592255071782,445.87278718536555,-833.7859038633461
30970, 0.03, 0.05,83.36254155541035,,-37.653799422579446,101.26923756892835,92.62189256834841,874.9670734395473,447.57891376852166,-835.3761966195178
31013, -0.05, 0.05,83.36254155541035,,-37.81448450512738,100.96752600996795,91.74712390579275,878.3653254850202,449.6144536043329,-837.8904325883269
31046, 0.04, -0.02,87.56498641044054,,-37.9731820067817,101.21752154597397,92.39208457002051,881.2117343104461,450.9332118775485,-839.9549492127225
31084, 0.05, 0.08,87.56498641044054,,-37.37317430350356,100.93817181438327,91.87028817821827,884.7742677936542,452.1122471133199,-842.8928403712587
31121, -0.06, 0.04,84.41003273888076,,-37.4745669353236,101.22609068571671,92.60159026923648,888.3482328709308,453.31301878110037,-845.9294456838473
31159, 0.00, 0.01,84.41003273888076,,-37.390020128050985,100.83309804473606,91.92583659421719,892.0133763011024,454.4880590583977,-848.9266851483238
31202, -0.02, 0.00,84.41003273888076,,-37.25364612145421,101.41790318136876,92.44646403026007,896.0916319810398,455.8869785429572,-852.2778758259436
31235, -0.07, 0.01,86.51140958705706,,-37.68503799512446,100.99935912387814,92.490440751474,899.1499682434475,456.99985998380447,-854.6604701407176
31275, -0.06, 0.03,86.51140958705706,,-37.06309257253481,101.00959451778947,91.79329986165787,902.8553002298435,458.4199453993461,-857.7515577076297
31309, -0.11, -0.07,84.41003273888076,,-37.31381558094299,101.16523554948213,92.48894604757456,906.0769333340055,459.6445357348545,-860.4859083379534
31349, 0.05, 0.08,84.41003273888076,,-37.00639415798871,101.03739625501194,91.63002820155063,909.7636026315732,461.20944925880343,-863.5885913133427
31390, -0.04, -0.04,84.41003273888076,,-37.19787811187549,101.15513751045046,92.52325366761927,913.4992095708782,462.9773350796273,-866.8239075985341
31424, -0.04, 0.07,86.51140958705706,,-37.77640703476956,101.50175334552092,92.73422463485076,916.7234139758028,464.45966794934463,-869.5825135408626
31463, 0.06, 0.11,86.51140958705706,,-37.38764852946133,101.13732293804135,92.09685312912876,920.3798553490527,466.30396251376516,-872.6559210012001
31500, -0.02, -0.04,90.7355298267422,,-37.86333538684901,101.28007683396294,92.7574462014285,923.9994052894064,468.11649347107976,-875.7089295235463
31536, 0.05, 0.12,90.7355298267422,,-37.46425875058099,101.0104206282525,92.12559498630559,927.6791657271617,469.76953577526564,-878.992560791604
31579, -0.03, 0.01,90.7355298267422,,-37.763675284604325,101.40139054881797,92.87879007356757,931.891809799339,471.944869948628,-882.5551688517905
31622, -0.03, 0.04,83.36254155541035,,-37.41089260221475,101.03144795631235,92.1042184386913,936.1799971707213,474.0726243910789,-886.4844149441956
31667, -0.00, -0.03,83.36254155541035,,-36.41355397966769,101.1657650731881,91.87592737855671,940.7158874849472,476.2621765141111,-890.6093884176955
31710, 0.01, -0.01,85.45970779184255,,-36.96560268009433,101.2591214409956,92.66359608096907,945.3001362211306,478.36955946409773,-894.542226263892
31749, -0.00, -0.14,85.45970779184255,,-36.83335215658085,101.02466065120912,91.83495799888574,949.5557597709255,480.3300502179445,-898.2917114809214
31785, -0.04, -0.09,86.51140958705706,,-37.25583192933921,101.18975071833138,92.49385808287123,953.4780953031176,482.05642868626705,-901.8153601951702
31824, 0.04, 0.12,86.51140958705706,,-38.018689782103344,101.39307991231394,92.12092786089207,957.5814548189564,483.9831977437604,-905.1751868993161
31857, 0.03, -0.09,86.51140958705706,,-37.571348937478994,100.95377632957408,92.11535081147643,961.1050890349483,485.61765455005167,-908.0399537732076
31890, -0.02, -0.02,85.45970779184255,,-37.78075651693097,101.29322923178637,92.6607680816528,964.5573938938707,487.1681321045974,-910.7601497965672
31929, 0.00, 0.04,85.45970779184255,,-37.26622355602489,101.05089677161097,91.99277529256359,968.5524158625182,489.20375637722395,-913.8974507867794
31966, 0.02, -0.02,86.51140958705706,,-37.59950456970581,101.11612620594362,92.75254629737101,972.3635995485337,491.0434911050726,-916.9320380270481
32003, 0.02, 0.01,86.51140958705706,,-37.145787806619744,100.99303729595958,92.04055825478208,976.1720291403421,492.82398656406167,-920.0904004953593
32040, -0.05, 0.02,86.51140958705706,,-36.96737056816066,101.2977715321159,92.74351712928444,979.932823437145,494.6427849573247,-923.2547634254512
32074, 0.01, -0.03,88.62029190014282,,-37.19969179904944,101.15146181273663,92.02738405860835,983.4151241975313,496.309362359194,-926.1537342394938
32113, 0.02, 0.08,88.62029190014282,,-37.49678258118787,101.29833404834118,92.83312677984661,987.3766017382583,498.2544048692559,-929.4407329543022
32146, -0.07, 0.01,88.62029190014282,,-37.32004200647183,101.05769331591564,92.17048169895733,990.645172142441,499.7701364867552,-932.2203626420219
32180, 0.06, 0.04,87.56498641044054,,-36.989223814112954,101.32740564056559,92.75877034439802,994.0612068680908,501.378694800811,-935.2264364686232
32215, 0.12, -0.02,87.56498641044054,,-36.82080740259934,101.01756195752871,92.09708925373974,997.6749840536527,502.93445617064845,-938.1536518774005
32250, 0.01, 0.02,85.45970779184255,,-37.21991007808853,101.2587337695596,92.69853108166673,1001.2933319477886,504.42987654339794,-941.2161217910017
32289, 0.01, 0.09,85.45970779184255,,-36.814684222456144,101.08057064351239,91.92489118993458,1005.3617331705161,505.9395666534805,-944.4968019094233
32322, -0.13, -0.04,85.45970779184255,,-37.22613701655525,101.28055805545354,92.48680585676138,1008.8847867485745,507.17893468666114,-947.2938144007358
32355, 0.00, -0.00,82.3173968427461,,-36.87976533983983,101.04894185025117,91.88366123530523,1012.396101111213,508.3166206386909,-950.0941991688799
32393, -0.00, 0.02,82.3173968427461,,-37.21590257413987,101.28330730371313,92.60726972876792,1016.4390224761206,509.5986598254938,-953.4831412596287
32438, -0.01, -0.05,86.51140958705706,,-37.20136109851251,100.7320170558927,91.92787057103004,1021.105055208585,510.91405935116967,-957.3803931031729
32475, 0.04, 0.06,86.51140958705706,,-37.46962014515894,101.15948072490993,92.4657151970139,1024.818726379136,511.94024680519124,-960.5155989470746
32517, 0.03, 0.03,86.51140958705706,,-36.82466874282729,100.87738673968684,91.84264189505488,1028.9395580578541,512.9587337463659,-964.1260986177806
32550, 0.04, 0.05,85.45970779184255,,-37.21099304020375,101.10184564027857,92.4076268665608,1032.0330644792198,513.7510605704231,-966.7136253385511
32589, -0.04, -0.01,85.45970779184255,,-37.873995590986766,101.52094715982366,92.57515691159483,1035.644201869106,514.6976042457504,-969.53280471827
32626, 0.01, 0.03,84.41003273888076,,-37.59107625069661,101.06378303961203,92.08745985182728,1039.0965441587712,515.6300792036337,-972.1096153737188
32662, 0.03, 0.08,84.41003273888076,,-37.166726425212886,101.13352915056788,92.78266686315798,1042.4899004731851,516.5815897229354,-974.8378475720823
32696, -0.07, -0.01,84.41003273888076,,-36.9532001794573,101.04141915906533,92.03269536716937,1045.5583447779923,517.3945470388874,-977.2168708794443
32729, -0.01, -0.02,86.51140958705706,,-37.38628687368291,101.16435382331692,92.61719670108774,1048.17402444078,518.1746989821936,-979.4243100741216
32766, -0.01, -0.05,86.51140958705706,,-37.249976531978895,101.14904670791621,91.76757957836595,1050.8080000372443,519.1035965425541,-981.7496467163652
32799, -0.07, 0.01,86.51140958705706,,-37.489778010027514,101.13854117713353,92.47017791489243,1053.0142813181146,520.1470450214488,-983.6886734421834
32832, 0.03, 0.01,86.51140958705706,,-36.9918664144449,100.86731113798788,92.0215412495685,1054.9640131662297,521.2832512762616,-985.7637671881203
32866, -0.08, 0.02,86.51140958705706,,-37.37783388460311,101.12127321444271,92.59374244737721,1057.0177247795486,522.3309035251243,-988.0171485673171
32903, -0.05, -0.01,87.56498641044054,,-37.034966646964484,100.80923890246365,91.93852921959952,1059.2146752329747,523.4825830521113,-990.2523010420114
32943, -0.02, 0.05,87.56498641044054,,-37.33244470890435,101.26635938073991,92.51933184889572,1061.4805923272263,524.67782042455,-992.9766461575337
32983, -0.01, 0.04,87.56498641044054,,-37.160005901723956,100.80017304668114,91.8958262010141,1063.6420686306808,525.8706992590197,-995.4351581688575
33016, -0.02, 0.08,86.51140958705706,,-37.372902893963676,101.11722403586108,92.46583078536463,1065.3969127960488,526.9241502435743,-997.4638833045623
33055, 0.03, 0.00,86.51140958705706,,-38.10309539652376,101.4726520995363,92.62466277877161,1067.4293914821105,528.0929356328991,-999.7862797329917
33091, -0.01, -0.05,88.62029190014282,,-37.67986995784401,101.07578087450555,92.16932102116485,1069.3042228679797,529.2375780184785,-1002.0264583430508
33130, -0.06, 0.08,88.62029190014282,,-36.81763536054296,100.99655164818273,91.90416685615544,1071.2018298782962,530.4856167501092,-1004.296604760034
33164, -0.02, -0.02,88.62029190014282,,-37.205301720892415,101.17129141314052,92.52407544827243,1072.8493668812525,531.5522754370801,-1006.4790348019731
33198, 0.00, 0.06,86.51140958705706,,-37.95828179558377,101.28363563894095,92.61322861637271,1074.4617474156753,532.6545855337092,-1008.6948696464443
33236, 0.00, 0.01,86.51140958705706,,-37.491302925731446,101.11034230017943,91.90016801343997,1076.0404627836137,533.9851523502796,-1010.7005296623382
33269, -0.07, 0.04,86.51140958705706,,-37.61857497737607,101.16647386548021,92.631212270243,1077.289119741719,535.2975153913565,-1012.435683638213
33303, -0.05, 0.02,86.51140958705706,,-37.27289000730082,101.15657765043505,91.91787604063232,1078.4734229811395,536.8165251135827,-1013.868000231269
33342, 0.01, -0.02,86.51140958705706,,-37.31742085367756,101.07725904465154,92.78913943871207,1080.01798120145,538.5673689848483,-1015.5770818100857
33379, -0.07, 0.00,86.51140958705706,,-37.20204002186772,101.14640792210302,91.94078381085798,1081.6913770237113,540.2797427036204,-1017.399968151907
33417, 0.02, 0.04,86.51140958705706,,-37.55025139413513,101.15581471149503,92.72012822585441,1083.7190761725872,541.7834694496054,-1019.5940071254597
33451, -0.04, 0.08,86.51140958705706,,-37.948516715984894,101.4681997487539,92.1922834665073,1085.6389161842224,543.1918146039188,-1021.5059430713422
33484, -0.07, -0.01,87.56498641044054,,-38.22334973361651,101.2677500791203,92.81555100155488,1087.6631467384225,544.5340751531123,-1023.7790193216232
33520, 0.00, 0.05,87.56498641044054,,-37.783032026192906,101.10731327518116,92.13702379462113,1090.0109068538288,545.9153994842211,-1026.0586884984762
33557, -0.05, -0.04,84.41003273888076,,-38.10347120766356,101.1712286514594,92.90363167835929,1092.3945117373507,547.3330653344136,-1028.443549500146
33597, -0.06, 0.04,84.41003273888076,,-37.91489130647548,101.18149140904616,91.99110175862593,1095.0180506932033,548.7481472094288,-1030.5697618908798
33638, -0.04, -0.07,84.41003273888076,,-38.174023109409,101.19164452453744,92.87845623147365,1097.640951300774,550.3724060686068,-1032.175515200428
33672, -0.06, 0.00,87.56498641044054,,-37.843262756261964,101.05168670484207,92.1859845400458,1100.0413765909232,551.6126836324345,-1033.9740994834956
33707, -0.03, 0.05,87.56498641044054,,-38.125862431030946,101.33100627842617,92.82113117500249,1102.9088533745226,552.6758656600991,-1036.3121814195486
33752, -0.05, -0.04,84.41003273888076,,-37.932455236466836,101.18042879585009,91.81541188195469,1107.2421500836954,553.6731848145363,-1040.0170887854479
33790, 0.01, 0.06,84.41003273888076,,-38.31292937199153,101.4082077918086,92.52118346622531,1111.169485679461,554.3235743968823,-1043.3920515001566
33823, -0.03, -0.01,84.41003273888076,,-38.282370915883426,100.87719374891444,92.56285843346332,1114.5208402137948,554.8035967699077,-1046.305822338549
33857, -0.02, -0.08,86.51140958705706,,-37.757333975813346,101.01894575197329,92.0047551099228,1118.099701539249,555.2750837810747,-1049.4772524725572
33896, -0.03, 0.07,86.51140958705706,,-38.08473547920218,101.36507459086617,92.67453749843943,1122.277580881522,555.5364095912134,-1053.0865134920818
33932, -0.05, -0.04,86.51140958705706,,-37.83088085824977,101.04817680290769,92.01777772204085,1126.0833291054557,555.9676725168154,-1056.5144348792787
33971, -0.02, -0.02,86.51140958705706,,-38.164078473425185,101.23641531935736,92.79256907461485,1130.3940634948904,556.4266497612621,-1060.371733230029
34004, -0.07, 0.06,86.51140958705706,,-38.015987576696055,101.14888898109857,92.04842561596527,1133.994724758595,556.8595340402345,-1063.5471023283908
34037, 0.02, 0.05,83.36254155541035,,-38.06108935177971,101.20582214971937,92.78957744141208,1137.3549246334978,557.3601321692397,-1066.4695846939464
34074, 0.03, 0.05,83.36254155541035,,-37.86621908918365,101.20191112487541,91.95167208813444,1140.9045622517044,558.007667071439,-1069.4107905197845
34107, 0.01, 0.00,83.36254155541035,,-38.01934299928432,101.31193479325518,92.66471429514512,1143.9675617743299,558.6545779066388,-1071.9860416911702
34140, -0.06, 0.02,84.41003273888076,,-38.48764551383557,101.44191235040866,92.09190854801149,1147.0039131184365,559.3054431867448,-1074.697099292185
34178, 0.03, -0.01,84.41003273888076,,-38.07697942906875,101.00403412991477,92.54950213131552,1150.573502130862,560.217879262874,-1077.7869813553239
34214, 0.01, 0.01,85.45970779184255,,-37.601263478112415,101.03654405846575,91.85728775406044,1153.9820762548266,561.1555187190037,-1080.822077200346
34252, 0.06, 0.04,85.45970779184255,,-37.99738843317399,101.2977440243155,92.53368729252105,1157.685523299688,562.2852261617868,-1084.0173128998224
34294, -0.08, -0.03,85.45970779184255,,-37.6914357011782,100.77520603507874,91.97994037967426,1161.780571261425,563.5284785777756,-1087.6581759433382
34327, 0.03, 0.03,85.45970779184255,,-37.55403947100639,101.24030536373428,92.33303734743987,1165.0580872648961,564.5767261520095,-1090.5879182253918
34365, -0.03, 0.05,85.45970779184255,,-37.03255320804233,100.78416287347643,92.0207285435003,1168.7306791369083,565.7817840361741,-1093.872351711715
34401, 0.00, 0.03,85.45970779184255,,-37.319881088038784,101.19700505856574,92.53335823727662,1172.1417888135177,567.0388335582959,-1096.8658020507646
34439, 0.04, 0.05,85.45970779184255,,-37.06303850468714,101.1374751563874,91.68986427704571,1175.6663287669403,568.3561811792264,-1100.010234778594
34480, 0.00, -0.05,85.45970779184255,,-37.52586330250423,101.23809074454033,92.47890956105923,1179.4068437842761,569.722824999527,-1103.3346985901958
34522, 0.00, 0.01,87.56498641044054,,-38.24981314698788,101.08576700284455,93.036139461512,1183.2884969827758,571.1731741072877,-1106.8572185946596
34562, -0.02, -0.03,87.56498641044054,,-37.940096766728296,101.10652522796065,92.15768450494687,1186.9797830426858,572.5091708075954,-1110.2165958301216
34604, -0.00, -0.07,89.67718498562583,,-37.25551387247949,101.09207154086583,92.83438578027092,1190.8592367819742,573.9986409489796,-1113.8466492140994
34642, -0.05, 0.02,89.67718498562583,,-37.88490476367524,101.24963692678473,92.2621315038069,1194.3188914055993,575.4274828666128,-1116.961548147665
34676, 0.01, 0.07,89.67718498562583,,-37.89281268192212,101.24445918560198,93.03163562516418,1197.4598742455391,576.6392983071014,-1119.7838370116972
34709, -0.01, 0.06,83.36254155541035,,-37.61666979722847,101.11793463617565,92.33811955120699,1200.5292719742265,577.7268466743019,-1122.2141435104097
34751, -0.04, -0.02,83.36254155541035,,-37.31971907809107,100.46624209626705,92.2776443232453,1204.5016953151908,579.2606097854508,-1125.7670690594018
34791, -0.03, 0.02,85.45970779184255,,-37.47963330651008,101.09277298919926,92.50907317528686,1208.228958723718,580.8339296076078,-1128.970693653393
34829, -0.02, 0.03,85.45970779184255,,-38.270145483365404,101.27465607401454,92.74984029962107,1211.592559624795,582.3966150301499,-1132.2280536237297
34862, -0.01, -0.10,85.45970779184255,,-37.89201895616651,101.12823778626806,92.1139544812304,1214.391656996189,583.6885058217971,-1134.9589321501117
34905, -0.06, -0.01,85.45970779184255,,-38.20207381410893,101.40816361934567,92.95045709113619,1217.7383416050789,585.3712314260923,-1138.4826771562184
34946, -0.05, 0.07,85.45970779184255,,-37.79743061202085,101.07081481578409,92.2297692028768,1221.01779597434,587.3985555761138,-1141.943968016214
34979, 0.02, 0.00,85.45970779184255,,-37.74375189154797,101.5502377197379,92.56927826369935,1223.627596985504,588.9595235509752,-1144.6169185195326
35014, -0.01, 0.01,85.45970779184255,,-38.118872026696764,101.07134481230467,92.46315994049202,1226.3787063105694,590.7293984117335,-1147.3692878302857
35048, -0.04, -0.09,85.45970779184255,,-37.522484496335366,101.31083467169165,92.07447756263986,1228.9382904836234,592.4911362834572,-1150.039066835237
35082, 0.03, 0.01,85.45970779184255,,-36.96085422253028,100.91911603314362,91.9938475481029,1231.341496905766,594.4126966034714,-1152.535875564484
35123, 0.03, -0.02,85.45970779184255,,-37.416621923783254,101.32273032172948,92.58751007142106,1234.2790022216434,596.6793085534947,-1155.310083212619
35166, -0.05, 0.07,84.41003273888076,,-37.18243078276858,100.88810884754325,91.83795561912781,1237.614727510841,598.6916561684536,-1158.5326719898494
35204, 0.01, 0.09,84.41003273888076,,-37.58465487399338,101.18419750627126,92.48196048950032,1240.7129843468986,600.3626392271498,-1161.654109795295
35237, -0.09, -0.00,84.41003273888076,,-37.250516049152516,100.85886986077512,91.96541403159785,1243.4779446366867,601.6716497378839,-1164.653166870642
35270, 0.05, 0.08,85.45970779184255,,-37.4284340694929,101.25140510497448,92.45118945258848,1246.368927058155,602.8201578471457,-1167.5948391367567
35313, -0.01, -0.04,85.45970779184255,,-37.37032330425572,101.09373113443056,91.48085867907295,1250.3097492800148,604.3089120362475,-1171.5384285804753
35346, -0.05, -0.02,84.41003273888076,,-37.65807630614239,101.23623033323351,92.14281818175547,1253.4591729949145,605.3642847425962,-1174.6912491466596
35384, -0.01, 0.07,84.41003273888076,,-37.53258724850453,101.0204176665906,92.93680422947895,1257.0437025566355,606.5272182769628,-1178.1277838311862
35417, -0.03, -0.03,84.41003273888076,,-37.36623007371989,101.08461179440424,92.1926876344292,1260.1357234382822,607.5000502829714,-1181.0281073641668
35450, -0.04, 0.06,86.51140958705706,,-37.740445244396525,101.37958265301951,92.69871468989096,1263.2838433654229,608.4490984211078,-1184.0566922389246
35489, 0.06, 0.03,86.51140958705706,,-37.49391496414427,101.08370720658895,91.93371997993086,1266.9884816778513,609.55164320227,-1187.5375134549365
35526, -0.01, -0.05,86.51140958705706,,-37.25224763639587,101.20383719063094,92.72169870201942,1270.4016238193342,610.6137117911339,-1190.6046045215219
35565, -0.03, 0.06,86.51140958705706,,-37.74088525321145,101.39464705629075,92.00879708380873,1274.0728701037192,611.7880551995171,-1193.885659207987
35598, -0.02, -0.04,86.51140958705706,,-37.571639131726016,100.99820825391907,92.4798137085219,1277.2009329161206,612.7775913216399,-1196.6066870972954
35632, -0.02, 0.03,87.56498641044054,,-37.42785680590831,101.31846746095752,91.84388832285809,1280.465742145107,613.777857687148,-1199.3475854291617
35670, -0.00, -0.00,87.56498641044054,,-37.75378559484614,101.29054911520737,92.63172349787305,1284.2110121939736,614.8729532819644,-1202.4454792483464
35705, -0.02, 0.04,87.56498641044054,,-37.27976380773746,101.2825827347058,91.96883029626962,1287.5781511249338,615.7420525543191,-1205.265120176828
35739, -0.01, -0.00,86.51140958705706,,-37.715663779644046,101.28126524687092,92.59790684342303,1290.8725856385236,616.4578528237912,-1208.211537838155
35777, 0.01, -0.05,86.51140958705706,,-37.533845460914065,101.2133361621484,91.73688603216219,1294.7107857229585,617.095942144106,-1211.6168498900622
35818, -0.02, 0.07,85.45970779184255,,-37.57859680083016,101.16163186572727,92.65692465642609,1299.0317727668971,617.8385931509074,-1215.254301497458
35856, -0.04, 0.06,85.45970779184255,,-37.02882643209566,101.06533441127966,91.97393886622856,1302.6962351832576,618.1553497515937,-1218.2533791124272
35890, -0.08, 0.01,85.45970779184255,,-37.38773151001646,101.24296248373959,92.60890891181239,1305.6389488760676,617.9866649775269,-1220.1496574627135
35932, 0.02, 0.04,85.45970779184255,,-36.9292196545011,101.00433807035486,91.81014636636544,1309.1124725142008,618.009413078622,-1223.1795334425087
35975, 0.01, -0.04,85.45970779184255,,-37.4560907991054,101.24250877570176,92.56367367557455,1312.6292290863962,618.8374806390344,-1226.060825250875
36018, -0.02, 0.02,87.56498641044054,,-37.36835505318439,100.84739189186206,91.74565366899671,1315.968030896199,619.4306107831213,-1229.0735891025204
36063, -0.01, 0.00,87.56498641044054,,-37.486264128932866,101.46243717064905,92.2946489374052,1319.5874538208698,620.1374042833831,-1232.671378989521
36097, 0.04, 0.06,87.56498641044054,,-37.0593510880024,101.00104871965706,92.17368022490648,1322.155620036949,620.8029551550429,-1235.1615281103757
36134, 0.09, 0.02,87.56498641044054,,-37.52305827370906,101.38816410801968,92.63385528882972,1324.926381652923,621.6971698170919,-1237.847338463453
36168, -0.01, -0.02,87.56498641044054,,-37.32978697644996,100.99241289460596,92.11450496554073,1327.4006758456535,622.7207248469637,-1240.1379241183604
36201, 0.06, -0.02,85.45970779184255,,-36.94912469661465,101.4172073348629,92.37211468008508,1329.7094494252578,623.8510191796596,-1242.2541519574809
36240, -0.00, 0.00,85.45970779184255,,-37.5619883544858,101.00743021308094,92.55456772608085,1332.3365484039614,625.29557874127,-1244.6078127486733
36277, 0.01, 0.07,86.51140958705706,,-37.82689910058697,101.34324436714563,91.8793677524677,1334.8073582915329,626.7221955254691,-1246.843062771494
36315, 0.04, -0.01,86.51140958705706,,-37.45606116433749,100.84595653787693,92.23698813459454,1337.3481455071335,628.1758468536643,-1249.11503511238
36348, 0.01, -0.03,86.51140958705706,,-37.70149943964485,101.26140605897102,92.6545671141172,1339.6028456159686,629.3797516694341,-1251.1176855794936
36381, -0.05, 0.01,86.51140958705706,,-37.389033088874314,101.13656195206177,91.97436878285936,1341.9513895678158,630.5037599605902,-1253.2160268762966
36418, 0.05, 0.03,86.51140958705706,,-37.7437946147719,101.2155476097048,92.72248969599539,1344.6501293759113,631.6721983274394,-1255.6017520957157
36451, 0.02, -0.02,86.51140958705706,,-37.43129312965952,101.05213653247174,92.05857189546808,1347.0912280019186,632.7104336560857,-1257.7128649748715
36484, -0.01, 0.04,85.45970779184255,,-37.67377004390504,101.36749066786453,92.61919299847487,1349.5409938819998,633.6917289937878,-1259.7966649375053
36528, -0.00, 0.02,85.45970779184255,,-37.29702806413073,100.95034109324553,91.87393377605068,1352.9214392456665,634.9823806798383,-1262.7101092334658
36571, 0.02, -0.02,83.36254155541035,,-37.569380607959054,101.31194365165761,92.66664970417445,1356.1841969808788,636.2903745598169,-1265.393957997158
36608, 0.06, 0.06,83.36254155541035,,-37.341977108947816,100.90007624506923,92.08030412835157,1359.0072495695717,637.4097071689552,-1267.7877231577058
36641, -0.03, 0.01,83.36254155541035,,-37.578403799553826,101.2970260958659,92.53487731117374,1361.57060718031,638.39228337461,-1269.955136271556
36674, 0.01, 0.00,84.41003273888076,,-37.32591822642562,100.96782709278875,91.98161585243834,1364.0970958364562,639.3641933281267,-1272.110805928173
36715, 0.02, -0.01,84.41003273888076,,-37.73484114828346,101.30131484167069,92.6814843148772,1367.2595885771175,640.5337353883081,-1274.88755267399
36749, -0.06, -0.05,86.51140958705706,,-37.34372910864896,101.137054922366,92.0336257457069,1369.876483455102,641.4864592792266,-1277.1307967859493
36786, -0.04, -0.03,86.51140958705706,,-37.34463855531361,101.18410706183889,92.86848435309642,1372.7272321033843,642.4996378732311,-1279.584447774701
36828, -0.04, -0.07,86.51140958705706,,-37.05883446463293,101.27502483271839,91.9398621164595,1376.0060589486202,643.6612536731913,-1282.429558331046
36870, 0.01, 0.01,84.41003273888076,,-37.42483025947292,101.26269114321839,92.81048312209316,1379.3844041132465,644.7924617773012,-1285.3152470280443
36913, -0.03, 0.01,84.41003273888076,,-37.24169204224693,100.9798257595406,91.91679207697472,1382.9583652001252,645.9940518794585,-1288.470672567583
36955, 0.01, -0.01,85.45970779184255,,-37.30343959686987,101.33467609285762,92.7250413398812,1386.5118948709664,647.2314201333091,-1291.5375715900434
36998, -0.04, -0.01,85.45970779184255,,-37.09632650496591,100.85478611972205,92.02854890448717,1390.130749173663,648.6658490363261,-1294.5306448160625
37040, -0.02, 0.03,85.45970779184255,,-37.10122302802275,101.44070373090732,92.52253784004763,1393.7944420300175,650.0985248617911,-1297.6305602822558
37078, -0.02, 0.03,85.45970779184255,,-37.16621698790334,100.94795144793669,92.00727861291952,1397.1329594557596,651.4581993999683,-1300.3979517789749
37114, -0.06, 0.03,85.45970779184255,,-37.43091914558641,101.32938940689954,92.57203303223721,1400.361438734937,652.7839953746394,-1303.075999944808
37147, -0.01, -0.01,85.45970779184255,,-38.07023158663042,101.11175037698504,92.37167777713857,1403.2539197205272,654.076580182932,-1305.5110220235042
37180, 0.02, 0.01,85.45970779184255,,-37.62539528702019,101.5434658206336,92.42320433873913,1406.137648292826,655.3805668389464,-1307.9312288616698
37213, 0.04, 0.01,85.45970779184255,,-37.47372787473383,101.05617295346791,92.14198846540961,1409.0157093555915,656.6885967654028,-1310.4206286535148
37250, -0.06, 0.11,85.45970779184255,,-37.405453463848346,101.51712219162164,92.67767954999857,1412.221384969183,658.2143586555813,-1313.1430496570838
37283, -0.05, 0.04,85.45970779184255,,-37.19934230853872,101.1271467060256,92.1925240496152,1415.1747408087058,659.5795066274009,-1315.5767983523067
37316, -0.01, 0.02,86.51140958705706,,-37.485898974817744,101.51403864025696,92.63699791021511,1417.99876297454,660.9718332676356,-1317.9460544486003
37356, 0.05, 0.02,86.51140958705706,,-37.075484727210714,101.12261738111941,92.01166466208927,1421.4097211376413,662.6281347742088,-1320.8468301629393
37389, -0.04, 0.01,86.51140958705706,,-37.50987392452872,101.2439705080413,92.59579839315657,1424.2370325947454,664.0124714422412,-1323.2974083379302
37422, -0.04, -0.01,84.41003273888076,,-37.289826229765715,100.97615606341336,91.96683061865633,1426.9305493884237,665.4364425045629,-1325.7021769095127
37464, 0.06, 0.06,84.41003273888076,,-37.778358982584244,101.25127247078814,92.69423639982249,1430.3784161489407,667.3247886314074,-1328.7694574282148
37497, -0.04, -0.01,86.51140958705706,,-37.49204310821697,101.29132078815809,91.98164308582763,1433.0300492634965,668.8650177208083,-1331.1737443391896
37535, 0.04, -0.03,86.51140958705706,,-37.453112012592904,101.02545206198434,92.75289243848988,1436.1212314916897,670.6781681062811,-1334.0479858590993
37569, 0.00, -0.02,86.51140958705706,,-37.23283704037635,101.25381456749204,92.06308037828825,1438.8635165652565,672.3417063449392,-1336.5956962401538
37602, -0.02, 0.02,84.41003273888076,,-36.64453862424657,100.95239400697153,92.30043503717859,1441.4632421511458,673.9683145335908,-1339.0441639574642
37641, 0.05, 0.09,84.41003273888076,,-37.273331533552366,101.20155505967269,92.82321561432678,1444.5343353236083,675.9182271510643,-1341.955645280752
37687, -0.06, -0.03,86.51140958705706,,-36.81415023540901,101.07458416472917,91.87052577071603,1448.2538438189868,678.1263934086772,-1345.478238665238
37725, -0.02, 0.03,86.51140958705706,,-37.22457624552309,101.19117368126255,92.60617427260777,1451.3599332328956,679.8473486242631,-1348.4195772470803
37767, -0.15, 0.01,86.51140958705706,,-36.73599600899164,101.04054175232608,91.78628764761079,1454.82433602439,681.683097755761,-1351.6589908862509
37800, 0.01, 0.04,86.51140958705706,,-36.871218415407355,101.24219908929736,92.46762883578526,1457.6612923015682,683.0991357457203,-1354.1994532259607
37842, -0.06, 0.09,86.51140958705706,,-37.81301657941536,101.34055345582229,92.53198680041979,1461.4339746456915,684.8140688882886,-1357.6398105113176
37884, -0.03, -0.03,86.51140958705706,,-37.2784096789965,100.9656845498124,91.90292640530797,1465.2815317404306,686.4480172893934,-1361.3113401254077
37924, 0.04, 0.04,86.51140958705706,,-37.70937774854825,101.24625705326947,92.60253509875255,1469.1084510089154,688.0431201462465,-1364.7746996769404
37957, -0.04, 0.11,86.51140958705706,,-37.21674928983282,101.05183881769297,92.07782069181825,1472.1247006079443,689.4367981832661,-1367.546369214328
37991, -0.04, 0.00,84.41003273888076,,-37.778320136907084,101.22554791881599,92.5473393279353,1475.3538365609256,690.8242828637319,-1370.3550188043473
38032, -0.09, -0.04,84.41003273888076,,-37.37435581364697,101.15765956553183,91.687528543211,1479.1053480832134,692.4435306021062,-1373.8422690780822
38073, -0.06, 0.01,87.56498641044054,,-37.73141889876787,101.37276016288553,92.4921323697108,1482.8206784800636,694.0644300316234,-1377.2997134014142
38116, -0.01, 0.04,87.56498641044054,,-37.4907740378758,100.84844728489256,91.8734635872883,1486.6814262999676,695.7810277963819,-1380.9316450481779
38157, -0.07, 0.06,84.41003273888076,,-37.889232242736384,101.25527355698149,92.50087154528595,1490.3452937246434,697.4035402506017,-1384.3631823614935
38197, 0.02, 0.03,84.41003273888076,,-37.399641962576446,101.08773576832378,91.74386044582917,1493.8779747776503,699.0487487379298,-1387.6189036389956
38230, -0.03, -0.03,84.41003273888076,,-37.54128550899292,101.33631115458402,92.39297891306,1496.8806435804258,700.367074056091,-1390.3498109298127
38273, 0.00, 0.05,82.3173968427461,,-37.322767142958405,100.90528066859699,91.63441131331479,1500.8721965561954,702.0948573506483,-1393.8465033572083
38315, -0.05, -0.04,82.3173968427461,,-37.28303132989705,101.27999281860924,92.43286748404816,1504.8306269969787,703.8307361838807,-1397.2878895023566
38353, -0.06, 0.13,86.51140958705706,,-37.05073850754845,100.80996664664148,91.90299015972712,1508.3341903078542,705.4160216132035,-1400.2477276499912
38392, -0.05, 0.02,86.51140958705706,,-37.2556252242019,101.24562801257007,92.5157353708689,1511.4565774750042,707.4962599108347,-1402.505498607107
38425, -0.04, -0.05,86.51140958705706,,-36.98114235940013,100.98494941031771,91.9006314339851,1513.5997501268373,709.6216113484775,-1404.042403543131
38459, 0.00, -0.03,86.51140958705706,,-37.42039035136792,101.16415894300332,92.48274595027229,1515.5150483351706,712.1217542175402,-1405.161923073498
38492, 0.06, -0.04,86.51140958705706,,-36.94517509490659,101.0984712161917,91.88411723564806,1517.0133951201012,714.7858103744749,-1406.6541977948223
38534, -0.03, -0.02,84.41003273888076,,-37.41267306540893,101.51725229002743,92.48629162641097,1518.5353171776228,718.0487450138938,-1409.0914561837544
38568, -0.03, 0.09,84.41003273888076,,-37.18539336444253,101.03509748468508,92.17187489153159,1519.960197258772,720.5397445723063,-1411.15713826614
38602, -0.06, 0.01,84.41003273888076,,-37.306355536511774,101.53096125176634,92.51342393355176,1521.9543030084321,723.1575151372698,-1413.7095719064123
38635, -0.07, 0.02,86.51140958705706,,-37.61185576567204,101.06032531845916,92.56437961922961,1524.623223902825,725.2127323540415,-1416.2943141696496
38678, 0.03, 0.02,86.51140958705706,,-37.412750357185665,101.15751354510485,91.58856292636027,1528.6734127650957,727.7104156193406,-1420.016943586418
38720, 0.01, 0.01,83.36254155541035,,-37.44291591880956,101.2403097124282,92.53213399194466,1533.1819487074858,730.0299541300212,-1423.4779896400635
38755, -0.05, -0.03,83.36254155541035,,-37.270772692302714,101.11278213280933,91.75823070060328,1537.018844720662,732.0386329037032,-1426.236606930323
38789, -0.11, -0.01,83.36254155541035,,-37.52997574613253,101.33793078168442,92.41325358380541,1540.9232228446033,733.9401263717072,-1429.0858374499762
38832, -0.03, -0.01,87.56498641044054,,-37.50545773285558,100.6744050693609,92.11753536086712,1546.0391233875444,736.1797841598923,-1432.807268972201
38865, -0.04, -0.03,87.56498641044054,,-37.654418674050895,101.16109259781568,92.42023698017182,1550.1411281896383,737.8936231665664,-1435.484164830044
38906, 0.05, -0.02,83.36254155541035,,-37.01158451811289,100.88224621436306,91.82846017708597,1555.290202082134,739.8281590934346,-1438.7194452324736
38940, 0.02, -0.01,83.36254155541035,,-37.40625145887204,101.1565535200318,92.37579395755301,1558.9695644367341,741.4600515289982,-1441.489969175674
38973, -0.08, -0.08,83.36254155541035,,-36.90637095186521,101.47747030671529,92.01714062954609,1562.4941482343697,743.0260949290906,-1444.9308849747113
39007, -0.08, -0.05,85.45970779184255,,-37.21051998437307,101.19097936098949,92.58203951112739,1566.1530608510209,744.5695375567891,-1448.782947143629
39045, 0.04, -0.02,85.45970779184255,,-37.32256520050947,101.43920544552347,91.77724063386448,1570.5876499185083,745.9030372474498,-1453.177819482591
39078, -0.06, -0.06,85.45970779184255,,-37.50785741381212,101.25254185742956,92.44345557328832,1574.7041888290619,747.0646432014823,-1456.691003231402
39111, 0.04, -0.03,84.41003273888076,,-37.26512985952073,101.03338021795288,91.78623405452113,1578.7683163042311,748.0718963346332,-1459.6673778812087
39145, 0.02, -0.07,84.41003273888076,,-37.18818155709332,101.23615779778473,92.49917335399138,1582.8578283159843,749.0353479751392,-1462.765116600138
39185, 0.00, 0.06,85.45970779184255,,-37.94791160419892,101.16340145393266,92.0135487938155,1587.387044811925,750.0991814524847,-1465.9505221180489
39224, 0.00, 0.02,85.45970779184255,,-37.06638780774547,101.19656422180151,92.20229755831619,1591.4049833064353,751.2536373994895,-1468.5769083619768
39257, 0.04, 0.05,85.45970779184255,,-36.679889205869976,100.73292021381867,92.27484770667378,1594.6917725924475,752.2680676990898,-1470.224406560713
39299, 0.01, -0.03,86.51140958705706,,-37.117437943990225,101.27308756547787,92.68978836640915,1598.5787089035232,753.5707946061526,-1472.7882856230767
39341, -0.03, -0.04,86.51140958705706,,-37.10914359653498,101.31427615856924,91.71421573390683,1601.9398001237996,754.989635528425,-1475.0234829031363
39374, 0.03, 0.03,86.51140958705706,,-37.06605269144413,101.14082720225355,92.41693514413052,1604.4373866821463,756.2480482072538,-1476.7776486906312
39411, -0.03, 0.09,86.51140958705706,,-37.26858266750774,100.92554955039822,91.65043353404428,1606.8739671696821,757.6811319087644,-1478.6734649010605
39445, 0.00, 0.02,86.51140958705706,,-37.404717039752676,101.1676080354111,92.33067934095718,1609.0047815818086,758.9995827631492,-1480.601130345124
39478, 0.02, -0.00,86.51140958705706,,-37.6552205525404,100.68373813080511,92.4557171464977,1610.8876866788894,760.1893257506383,-1482.3637315996673
39514, 0.02, 0.08,86.51140958705706,,-37.21502151593049,100.99666448728391,91.89576537776351,1612.758542665647,761.860693725672,-1484.4906915612419
39560, -0.03, -0.05,86.51140958705706,,-37.54030840490816,101.31395672420894,92.78358099977477,1614.9499576859753,763.367419071684,-1487.6470546242242
39598, 0.03, -0.01,86.51140958705706,,-37.08875436608787,101.10181779562106,92.08463283108641,1617.074839863228,764.5922359220311,-1490.131772548766
39641, 0.01, 0.00,86.51140958705706,,-37.524864274521114,101.27770655927415,92.91800830170511,1619.580136349702,765.8313568669632,-1492.7802300786464
39683, 0.03, 0.05,83.36254155541035,,-37.182504552341086,101.06393327839423,92.05316434586624,1622.4690842523705,766.8375246013533,-1496.0027148942606
39724, -0.01, 0.04,83.36254155541035,,-37.51459556240276,101.35398445608114,92.82329001939165,1625.564125008006,767.6570596519263,-1498.8884197670418
39757, -0.00, 0.06,86.51140958705706,,-37.221970827914944,101.17046477931738,92.1636727368265,1628.1285008349062,768.3261123261829,-1501.1016871655786
39794, 0.01, 0.06,86.51140958705706,,-37.15007959374501,100.89196344081896,92.89927785125298,1630.947492993829,769.0737359241106,-1503.8024852818132
39828, -0.01, 0.00,86.51140958705706,,-37.13927168681024,101.22080734794294,92.25173604822027,1633.2765323730089,769.7804258971254,-1506.2323311226767
39861, 0.04, 0.01,85.45970779184255,,-37.65209337072245,101.48078104611221,92.66728178152702,1635.3863519762483,770.2250385651906,-1509.0337140508477
39895, 0.03, -0.03,85.45970779184255,,-37.66795508124395,101.14036201181499,92.05379455134089,1637.6483890923998,770.6232366713388,-1511.9990851129278
39937, -0.02, 0.04,85.45970779184255,,-37.62809319159922,101.59408080991147,92.76578711160943,1640.5511380022804,771.6042926624974,-1516.0984142913646
39974, -0.05, 0.01,85.45970779184255,,-37.38497777903531,101.21119905189842,92.14684072410599,1643.4590695714548,772.7701089345344,-1519.231063436216
40008, -0.03, 0.06,85.45970779184255,,-37.679624992455004,101.47118045194728,92.76312650440278,1645.4457347494772,773.755981831424,-1521.1103859231218
40042, -0.05, -0.03,85.45970779184255,,-37.352938231794866,101.08167353664265,92.30543097064604,1647.842233944068,774.7569131256008,-1523.898635678707
40084, -0.00, 0.03,85.45970779184255,,-37.77969745387601,101.70054567909688,92.3993527585732,1651.5190407296857,776.1094171478424,-1526.9431016295437
40126, 0.04, -0.03,85.45970779184255,,-37.56707812839368,101.06513544417388,92.11306153154615,1655.5558721398268,777.6111073207093,-1529.9176370850557
40162, -0.00, 0.07,85.45970779184255,,-37.6215137172453,101.46981535758613,92.70186809113274,1659.1369429284675,779.1103051399622,-1531.8756293595563
40195, -0.04, -0.04,85.45970779184255,,-37.28431608386593,101.15868892138,92.1720135795766,1662.2782987725725,780.5161446147963,-1533.978645456949
40228, -0.01, -0.00,85.45970779184255,,-36.91943876244343,100.9177285920147,92.73811074813094,1664.4063890230393,781.3874309174266,-1535.5358050411796
40267, -0.02, -0.03,85.45970779184255,,-37.01442129031694,101.42721648754915,92.18186952439517,1667.905822060041,782.3570886472663,-1539.0091520941432
40308, 0.09, 0.04,84.41003273888076,,-37.63547816447088,101.15932766857851,92.73240259632496,1671.554220712129,784.1435807807316,-1542.3788025846668
40348, -0.02, 0.06,84.41003273888076,,-37.522601493905576,101.23992382389838,91.81410684405631,1675.2357756745896,785.7704434230141,-1545.4815927818186
40381, 0.01, 0.01,84.41003273888076,,-37.82819332238714,101.38599353538214,92.46510028307014,1678.0921695766417,787.4671985636037,-1547.7916964745586
40414, 0.00, -0.02,85.45970779184255,,-37.64303901638524,100.91300038527976,92.15163708282509,1680.9908677135209,789.2886430315162,-1550.3225113061155
40450, 0.00, 0.09,85.45970779184255,,-37.129379005078505,101.37276215011995,92.11697657928646,1684.1381016404941,791.1747539902212,-1553.0726770250972
40495, 0.02, 0.02,84.41003273888076,,-37.813182826515806,101.61952901479684,92.7942500175472,1687.8641503875144,793.2157776209099,-1556.2783288997075
40534, -0.01, 0.02,84.41003273888076,,-37.96533102068612,101.12251036536816,92.27277968659793,1690.894612904872,795.0632333107546,-1559.170215564306
40576, 0.01, -0.07,84.41003273888076,,-37.61906493507422,101.75355716333578,92.41759297957542,1694.038047112437,796.9521822092989,-1561.722230290433
40609, -0.00, 0.04,84.41003273888076,,-37.452119233713525,101.26138488982015,92.16650707372011,1696.317125792299,798.4461364827823,-1563.5998847139922
40643, -0.03, -0.03,84.41003273888076,,-37.362805982244964,100.90598149391096,92.7407038502444,1698.75541029005,799.9364841261784,-1565.8828030397801
40685, -0.03, 0.01,86.51140958705706,,-37.506420814219496,101.39941280738894,92.06160574795479,1702.1957696169543,801.5824368182803,-1569.1152122002998
40723, 0.01, -0.00,86.51140958705706,,-37.835776953706514,101.18048903072408,92.78092252771796,1705.4408570458959,803.0703108810469,-1572.0722701935176
40756, 0.02, 0.08,86.51140958705706,,-37.49605013256656,100.9795291097227,92.152656595643,1708.488790813322,804.4654144440794,-1574.4901577790306
40799, -0.04, -0.02,85.45970779184255,,-36.59807632267192,101.27334588409977,92.11852985893648,1712.3211358246717,806.2273155991064,-1577.9033998687723
40841, -0.04, 0.04,85.45970779184255,,-37.13008025259267,101.06139715333346,92.82941496719677,1716.3184880652616,807.9356607318749,-1581.625433479721
40883, 0.07, 0.09,87.56498641044054,,-37.662032676637196,101.27222677426491,92.0701444711143,1720.1847922835877,809.8162489051073,-1585.2767710051744
40926, -0.02, -0.03,87.56498641044054,,-37.39757836060187,101.1555796122626,92.99487769819628,1723.7298585764156,811.824734998716,-1588.7482762758366
40963, 0.07, 0.02,85.45970779184255,,-37.63873972697349,101.29410693315666,92.19187718169303,1726.5838783015809,813.6090660023195,-1591.4375335739226
40996, 0.05, 0.03,85.45970779184255,,-37.509905479985534,100.946921847356,92.74026309399025,1729.014468817186,815.1837743547985,-1593.9145622217702
41029, 0.01, 0.02,85.45970779184255,,-37.163773256723545,101.03752806844618,92.06531512617647,1731.6426166785684,816.7141008573828,-1596.2359785025399
41062, 0.01, 0.03,85.45970779184255,,-37.38929124367135,101.32335392272654,92.65954639405572,1734.4859264752492,818.1721417427609,-1599.101164138392
41100, 0.03, 0.09,85.45970779184255,,-37.73210909751842,100.8947402639893,92.15927260994631,1738.0517674529717,819.6793455045732,-1602.1016994370975
41133, -0.01, 0.06,85.45970779184255,,-37.870659005046,101.35940743495182,92.51807551889816,1741.5150043830606,820.8043849855028,-1605.0220871064698
41166, -0.01, 0.01,85.45970779184255,,-37.51490948330496,101.00292677732376,92.06033492142507,1745.187185173021,821.8832457374721,-1608.3274073374541
41207, 0.04, 0.07,85.45970779184255,,-37.74551858415514,101.3738827215322,92.80092655011681,1749.804100936289,823.1450418972527,-1612.571559152225
41250, -0.03, 0.12,85.45970779184255,,-37.412340552116376,101.11343888052951,91.9294770086479,1754.755117220199,824.1788449862148,-1617.6362478663148
41288, -0.00, 0.10,85.45970779184255,,-37.161761051582126,101.17547385512918,92.74936780788339,1759.0762276059022,825.1902031616013,-1621.9702603578435
41322, -0.03, -0.03,85.45970779184255,,-37.63186370323022,101.41287994936239,92.20611995119644,1762.8311817844385,826.2544602258764,-1625.0766670648818
41355, 0.00, -0.03,84.41003273888076,,-37.19271352567794,100.97991065520874,92.0551973578565,1766.2385042629999,827.3962028962721,-1627.9383651685012
41395, 0.02, 0.14,84.41003273888076,,-37.14137253223722,101.56460290257549,92.45636567780107,1770.131451220814,828.9342825593488,-1630.8043301476362
41436, -0.01, 0.01,84.41003273888076,,-36.88108708527745,101.00739273425147,92.0004784010488,1773.9108972529625,830.3177708796967,-1633.8173996088458
41475, -0.01, 0.06,84.41003273888076,,-37.38918482898345,101.26394815906099,92.6350411752399,1777.2449631718612,831.7439740612538,-1636.8646377113257
41518, 0.01, 0.07,84.41003273888076,,-37.10864351027633,101.15277117078364,91.68653756919153,1780.7304431040175,833.4613333849055,-1639.8827664963437
41561, 0.05, 0.01,85.45970779184255,,-37.53433095267255,101.29471151089207,92.53883757092535,1783.9856084475844,835.3446504230612,-1642.7221903307527
41604, -0.02, 0.01,85.45970779184255,,-37.434383431338844,100.9758061775827,91.65613377754276,1787.3371346128706,837.2705271319461,-1645.736666155673
41645, 0.01, 0.04,84.41003273888076,,-37.54838596178125,101.24398590254056,92.50162166738002,1790.8849629934793,838.619516753919,-1649.4903079576977
41678, 0.03, -0.06,84.41003273888076,,-37.248495758479116,101.03683190178602,91.85714309539512,1793.7415514554743,839.350007676624,-1653.015152204888
41720, -0.05, -0.03,85.45970779184255,,-37.271267258761796,101.30179359222866,92.73415843483487,1797.5856084122902,840.2172470363972,-1657.724589644881
41759, -0.02, 0.03,85.45970779184255,,-37.02751500622717,100.95010214924835,92.02094718982957,1801.2892091740146,841.4811580429053,-1661.1464600326312
41792, -0.00, 0.00,85.45970779184255,,-37.27015565398851,101.37971933399338,92.41159014183187,1804.445507076117,842.7639619352375,-1663.5557446435391
41825, 0.02, 0.06,87.56498641044054,,-37.17152254975742,100.94605668319073,91.9786378678382,1807.7741616980472,843.9867073792295,-1666.2971300185839
41859, -0.01, 0.06,87.56498641044054,,-37.6195966801953,101.15536222875828,92.5370866021914,1811.2843005868576,845.2812629346237,-1669.0837124976524
41902, 0.01, 0.01,87.56498641044054,,-37.873896828534726,101.69799310704133,91.94116568719868,1815.8360701476233,847.1137322661284,-1672.127765164293
41939, 0.00, 0.02,87.56498641044054,,-37.919719878902896,101.25366679452908,92.48368767013322,1819.3665895556906,848.8229843495619,-1673.8067611934014
41972, -0.05, -0.09,87.56498641044054,,-37.65650320369477,101.61608000031814,91.97445483321792,1822.0762980358738,850.2659877419562,-1675.4723550875356
42006, -0.02, -0.04,87.56498641044054,,-37.52485035869864,101.14723617168886,92.34903981462743,1824.5174141561108,851.9119680927521,-1677.0992986996953
42048, 0.01, 0.01,87.56498641044054,,-36.71874886171785,100.7828636757208,92.12089972615627,1827.3574322510972,854.192699418259,-1679.3054406388092
42091, -0.00, -0.04,84.41003273888076,,-37.182414473723554,101.30730429379484,92.59433412998143,1830.1697874550946,856.4677993912179,-1681.6857255286536
42129, 0.00, -0.03,84.41003273888076,,-37.14490788423592,101.00688516975227,91.82850439389048,1832.7004546954333,858.3561905172056,-1684.0875999053746
42162, 0.01, 0.03,84.41003273888076,,-37.41076890476496,101.2940631939118,92.40672165843765,1834.857658237572,859.8821550260657,-1686.205413868436
42195, -0.05, 0.09,84.41003273888076,,-37.15672329862818,100.87215547818982,92.00266831235717,1837.183824975942,861.324773765738,-1688.667300600084
42237, -0.04, -0.05,84.41003273888076,,-37.40923545525152,101.39519589262629,92.56911597925242,1840.2603561458784,863.1134547181748,-1692.2397444406135
42279, -0.01, -0.00,83.36254155541035,,-37.13517401664341,101.00203681646913,91.81689285887028,1843.4565187335775,864.7362406184704,-1695.5626586477083
42318, 0.04, 0.04,83.36254155541035,,-37.432271663834854,101.26033343988985,92.56966051267756,1846.4341421404285,866.2339090531,-1698.1574063095463
42352, 0.01, -0.01,83.36254155541035,,-36.98943808411482,101.09033820448555,91.95646157354008,1849.0531850704165,867.5098998875723,-1700.1969616251763
42385, 0.01, 0.07,82.3173968427461,,-37.37275583506071,101.2795399367593,92.54281473752675,1851.657465731165,868.6979133968139,-1702.383789665079
42419, 0.00, 0.05,82.3173968427461,,-37.118606492938035,100.99890483653185,91.90983875596473,1854.38446561429,869.8384862440121,-1704.9209717185145
42452, -0.00, 0.02,82.3173968427461,,-37.39067586285398,101.33681845793451,92.43214982020419,1856.9258466605315,870.829411048415,-1707.4130028336508
42485, -0.04, -0.02,82.3173968427461,,-37.18316991354971,100.8658662634601,92.12215207327927,1859.5031660608195,871.8373341733462,-1710.0330411444804
42519, 0.03, 0.03,82.3173968427461,,-37.493813799241906,101.25945537520766,92.57836879284324,1862.0845333777888,872.8172742480264,-1712.5312364294318
42558, 0.01, 0.02,85.45970779184255,,-37.057602296919256,101.0338426923049,91.84716547159864,1865.0987062467768,874.0521100242489,-1715.4148502076769
42596, -0.01, 0.04,85.45970779184255,,-37.4390684069187,101.30901311337306,92.52203251298319,1868.0732490143946,875.2897136495928,-1718.1964248833049
42629, -0.01, 0.03,85.45970779184255,,-37.24962538714843,101.00266681352016,91.91962109799377,1870.6747562070473,876.234512206436,-1720.3835496251686
42670, 0.02, 0.04,87.56498641044054,,-37.42430269605138,101.30984225823251,92.72768386388509,1874.059199416132,877.4414908001272,-1723.0099579206994
42712, 0.01, 0.05,87.56498641044054,,-37.04565692744103,101.1268207972739,91.863395072584,1877.2592409939991,878.8745513872462,-1724.825017381204
42755, 0.03, 0.04,85.45970779184255,,-37.34895941470392,101.40098060842922,92.70673173665334,1880.535764580519,880.1398079900864,-1727.565668826827
42796, -0.10, 0.04,85.45970779184255,,-37.36722171379939,101.03434062155891,91.91810562774323,1883.5131774471345,881.5834196548203,-1730.0120722288432
42833, 0.03, 0.07,85.45970779184255,,-37.60233220004038,101.38780359603604,92.55822845947178,1886.1923595278681,882.7562727823248,-1732.2405955655156
42866, 0.02, -0.05,84.41003273888076,,-37.327008546987045,101.0677782352104,92.00535958975502,1888.6034353387367,883.738180583934,-1734.4204767470578
42899, -0.01, 0.04,84.41003273888076,,-37.55610895293276,101.30856801684483,92.63567633310218,1891.063648916182,884.8443773335613,-1736.6350534796281
42932, 0.00, 0.05,86.51140958705706,,-37.14844305830923,101.13031391360839,92.03452784314868,1893.634182681638,885.8890946137726,-1738.7495378189244
42968, -0.06, 0.01,86.51140958705706,,-37.56054585869585,101.18599742714377,92.72810168727696,1896.5585594637107,886.9444176192084,-1741.0777697406857
43001, 0.01, 0.03,86.51140958705706,,-37.10131894479529,101.132192953904,92.11433138431185,1899.1648148408099,888.0514963727773,-1743.1562548745972
43043, -0.02, 0.05,86.51140958705706,,-37.104348537909736,101.70361134661681,92.64090097057179,1902.4210846915378,889.4915673621961,-1745.7888483564443
43076, -0.06, -0.05,86.51140958705706,,-37.260598097341905,101.2136931154796,92.41337339994939,1904.8110093703192,890.6588307422583,-1747.645170362352
43115, -0.02, -0.01,86.51140958705706,,-36.723781867468624,101.03419742083953,91.72374540500888,1907.5392588722232,892.0306006671759,-1750.1266762022583
43149, 0.02, -0.04,82.3173968427461,,-37.03766668919869,101.25113356682324,92.36107875141641,1910.6065145956245,893.5572503033749,-1753.0897022429585
43182, -0.05, 0.05,82.3173968427461,,-36.873384278225835,100.94853527112585,91.74690200419327,1913.3156511380057,894.5820031250133,-1755.64309055513
43215, 0.00, -0.00,85.45970779184255,,-37.10011283564741,101.31238066846238,92.25611780797234,1916.2049499420384,895.4010310743724,-1758.4947279585585
43255, -0.01, 0.05,85.45970779184255,,-36.97392966341292,100.70121811316622,91.9712214475654,1919.8515592264123,896.6352881794205,-1761.3356158297831
43288, -0.02, -0.06,85.45970779184255,,-37.111062035881325,101.17628404525072,92.30690832567899,1922.919485472435,897.7384805563992,-1763.7083965019826
43322, -0.07, -0.02,83.36254155541035,,-37.159465465032966,101.5667496633531,92.8530526057163,1926.223023122637,899.0638793565645,-1766.328728352596
43359, 0.05, -0.03,83.36254155541035,,-37.22330973396653,101.17494897220938,92.21573512539956,1929.7770689549757,900.7742775482299,-1769.1110005542673
43392, -0.04, 0.02,83.36254155541035,,-37.72755888200017,101.3245094105313,92.72619134911938,1933.0152205914055,902.2383639693924,-1771.6180167340688
43435, -0.00, -0.01,87.56498641044054,,-37.4352962071389,100.98838559140216,91.89760884064921,1937.1625985094386,904.1759342693863,-1775.1531135041826
43468, -0.01, 0.10,87.56498641044054,,-37.4339058176734,101.34255691326543,92.4606511563528,1940.1759216112096,905.6920112232835,-1777.5868174786594
43510, -0.01, 0.02,84.41003273888076,,-37.516063049389636,100.92261360973741,91.70556977690205,1943.9553814759765,907.7024674244421,-1780.8404194943266
43551, -0.03, 0.08,84.41003273888076,,-37.353017365266076,101.29768547058795,92.45786406114686,1947.534025184966,909.6496900193353,-1784.0293096165806
43593, 0.00, 0.00,85.45970779184255,,-37.068584065636976,100.89580543183047,91.718196592423,1951.265169264267,911.5796550352425,-1787.447640726631
43635, -0.11, -0.01,85.45970779184255,,-37.28902377141129,101.21538966772161,92.53173402085135,1955.0866481764444,913.5840554991215,-1790.6581401839799
43670, -0.00, -0.04,85.45970779184255,,-38.007313980376644,101.46913246035193,92.43721516416863,1958.2206862744,915.1893475578302,-1793.3064087467876
43703, 0.01, 0.03,87.56498641044054,,-37.52480119565457,101.19792335137129,91.9729336623169,1961.1827988259722,916.7308456584292,-1795.9096734077887
43736, 0.00, -65.81,87.56498641044054,,-37.38289910574012,100.9134132167251,92.58886638338528,1964.136821679102,918.2450202787161,-1798.535601098353
43777, -0.04, -0.04,82.3173968427461,,-37.47807348251258,101.57353735698143,92.39022526965397,1967.7777157523699,920.1959109706141,-1801.6870667872736
43812, -0.02, 0.04,82.3173968427461,,-37.30665540582249,101.04509050671626,92.14372943030166,1970.7340138094748,921.922853390757,-1804.400413698878
43846, 0.03, -0.00,82.3173968427461,,-37.667956844601015,101.39296022270024,92.63137274380331,1973.4652053657755,923.5367165503693,-1806.8850259738897
43879, 0.05, 0.00,85.45970779184255,,-37.531427353500206,101.07446111562675,92.03054551254326,1975.896439422813,925.1663755831509,-1809.235848475005
43921, 0.04, 0.08,85.45970779184255,,-37.4331869600325,100.96201750021477,92.96293107870254,1979.021228885958,927.1710464506801,-1812.3160626889833
43964, -0.02, -0.07,86.51140958705706,,-37.19927236342983,101.26329862720162,92.08327247830914,1982.350036796055,929.141892156018,-1815.830524907152
44002, -0.00, -0.07,86.51140958705706,,-37.62637872357429,101.24176310132172,92.82079615715789,1985.2622436152094,930.9409503094643,-1818.157728218213
44035, -0.02, -0.05,86.51140958705706,,-37.444455546602406,101.0513851603457,92.12767532374512,1987.8250617548872,932.4443504036752,-1820.3110457581718
44068, -0.00, 0.03,84.41003273888076,,-37.86376090477089,101.34221375438587,92.60614836014173,1990.4117310626611,933.8631379942748,-1822.618604920514
44111, -0.04, -0.03,84.41003273888076,,-37.352574068858736,101.0429288119102,91.85436174167127,1993.5480591682156,935.7063567295038,-1825.4657803449375
44144, -0.06, 0.00,84.41003273888076,,-37.489026928372276,101.40872710952705,92.38716472206174,1996.4022316060248,937.104577335174,-1828.0800509945354
44178, -0.04, 0.05,84.41003273888076,,-37.22928960747523,100.92404408683083,92.09976186559297,1999.8955169712576,938.4259044879464,-1831.2265516518623
44211, 0.04, 0.00,84.41003273888076,,-37.13754937530434,101.40613126045854,92.42251140986902,2003.458185760059,939.7353950718144,-1834.4978689231734
44253, -0.01, 0.00,84.41003273888076,,-37.95401959898307,101.31117740880532,92.8693722688063,2007.9775960871355,941.3392535443874,-1838.0524002996394
44290, -0.01, 0.03,84.41003273888076,,-37.66536938925702,101.19531852568444,92.0753082064875,2011.7987646228466,942.7275121962864,-1841.1701820739254
44328, 0.05, 0.01,84.41003273888076,,-36.95139873398892,101.36516331826353,92.50918111112699,2015.6875888428228,944.0667937516703,-1844.6807336587785
44361, -0.00, 0.11,86.51140958705706,,-36.923188491185314,100.97341648856361,91.99039045523708,2019.0574603159937,945.1987800966633,-1847.9890024644862
44395, 0.07, 0.00,86.51140958705706,,-37.33839844748941,101.27934243586473,92.48647179522865,2022.444531609506,946.3600484085179,-1851.053129745858
44437, 0.00, -0.03,84.41003273888076,,-37.217488546858114,100.98914394483369,91.61099223349814,2026.6340519892262,947.832288311859,-1854.7937054956506
44477, -0.04, 0.01,84.41003273888076,,-37.53465522302761,101.30750965110765,92.34068176137585,2030.7606239764543,949.2279583147211,-1858.373681667643
44516, -0.07, -0.07,84.41003273888076,,-37.20645544408657,100.72157819609876,92.19896196830945,2034.8017227149978,950.5751813635078,-1861.7401668305974
44549, 0.04, -0.01,87.56498641044054,,-37.3644462668122,101.23788876141147,92.38026870140276,2038.1969003004347,951.7253408800124,-1864.538568600227
44591, -0.00, 0.06,87.56498641044054,,-37.06408318290422,100.99495101071928,91.51782867383979,2042.1886876777176,953.4347954974587,-1867.667676305185
44632, 0.04, 0.05,88.62029190014282,,-37.178968972486715,101.21343741177556,92.3912528755086,2046.1472980504843,954.969058613017,-1871.2815320267534
44670, 0.05, 0.02,88.62029190014282,,-37.62970381798124,101.70463557827023,92.05893669029385,2049.9592922632837,956.26647195027,-1874.6056902482935
44704, -0.12, -0.03,88.62029190014282,,-37.35725060761555,101.1847249746222,92.06455187377557,2053.2774079115984,957.5675518796261,-1877.1574227240712
44737, 0.02, 0.06,84.41003273888076,,-37.05923565087117,100.78485358703549,92.47096693982087,2056.376072768439,958.8954456195544,-1879.4987549794678
44771, 0.01, 0.04,84.41003273888076,,-37.2121137826179,101.33188485863032,92.34777111783355,2059.484422228488,960.2205370403232,-1881.940056380676
44814, -0.00, 0.00,85.45970779184255,,-37.09565604078114,100.85471653693142,91.62633551638723,2063.3749527039317,962.2084241319234,-1885.138859874919
44856, -0.06, -0.01,85.45970779184255,,-37.39850442048895,101.139128140305,92.4409143696045,2067.557202347985,964.3567994959964,-1888.2223033747568
44891, 0.04, -0.07,85.45970779184255,,-37.05695524303211,101.18410856173719,91.7011044565969,2071.333226165367,966.0423208292026,-1890.9279024327748
44924, -0.05, 0.10,86.51140958705706,,-37.086461202716265,101.1849879884422,92.446256221734,2075.2214493096662,967.4575302035533,-1893.7132779191336
44958, -0.02, -0.07,86.51140958705706,,-37.692156265159404,101.44281871188348,92.77860053101186,2079.182402688019,968.7336924764556,-1896.2528049315108
45001, 0.03, -0.04,84.41003273888076,,-37.46192592289654,101.11233481561052,91.92892147522414,2083.5625661059407,970.5886923979597,-1898.726994739518
45043, 0.01, 0.02,84.41003273888076,,-37.69350276536522,101.44676724193069,92.72685741186356,2086.82224122268,972.307944466195,-1900.9543510744948
45076, 0.02, 0.04,84.41003273888076,,-37.30370951828714,101.17118339359149,92.19409559018035,2089.190074519143,973.590524028288,-1902.932831677315
45109, -0.00, 0.01,88.62029190014282,,-36.68430997954379,100.98740616473037,91.81039639010383,2091.5118528107228,974.8294206414765,-1904.9915718832792
45142, -0.01, 0.02,88.62029190014282,,-36.97242028919275,101.28170333952514,92.37224894573467,2093.9050519852576,975.9601034845108,-1907.099901397275
45185, -0.00, -0.02,84.41003273888076,,-36.82390920032235,100.62326740587828,92.07817207880366,2097.1173496981514,977.2900652943761,-1909.8877386477423
45222, 0.06, 0.05,84.41003273888076,,-37.0799989674482,101.13235937180009,92.46789380603556,2099.976594502989,978.4546050180056,-1912.3362081302676
45255, 0.04, 0.08,84.41003273888076,,-37.44905825999975,101.44373243953146,91.95092944241752,2102.555198276282,979.4163581193936,-1914.4874194685437
45288, -0.05, 0.03,88.62029190014282,,-37.0716351413079,100.97953698246617,92.02248039715464,2104.9277461357124,980.4673959998621,-1916.1987849769762
45322, 0.02, 0.04,88.62029190014282,,-36.79298235822378,101.42276388119333,92.39144843400008,2107.2098293856516,981.7974705278168,-1917.884844169815
45358, -0.01, -0.07,88.62029190014282,,-36.722217761650484,100.96438733900479,91.88255992409103,2109.466617825702,983.1327048265042,-1919.7429897110255
45400, -0.02, 0.06,83.36254155541035,,-37.21556888783046,101.32728442218674,92.52901260489467,2112.1918322243046,984.5095384527793,-1922.1757863471382
45442, -0.03, -0.11,83.36254155541035,,-36.82406556766669,101.00786256717794,91.7533808321833,2114.922094157258,985.9461181008365,-1924.4582233214967
45475, -0.06, 0.05,87.56498641044054,,-37.19314530682969,101.21138310532639,92.34026103226553,2117.019322082917,987.0078869730836,-1926.120419372597
45508, -0.03, -0.01,87.56498641044054,,-36.89318427750303,101.67931959096269,92.55281128993238,2119.0573106646816,987.9916307830499,-1927.9271574912095
45542, -0.04, -0.04,87.56498641044054,,-36.96423250529766,101.1798188562685,92.25237874111568,2121.019581944472,989.0057794021062,-1929.955851510261
45582, -0.07, -0.02,87.56498641044054,,-36.915874073480126,101.82050282349795,92.44628338253673,2123.2028376218586,990.25822310456,-1932.2704176669042
45616, -0.03, -0.05,87.56498641044054,,-37.10877443694331,101.30615885953867,92.30258656748654,2125.3724310147204,991.4076767577417,-1934.8080744764236
45658, 0.01, -0.01,84.41003273888076,,-37.57941809896854,100.84891391009447,92.78860067377846,2128.642426216824,992.7253833575728,-1937.674985557615
45700, 0.02, -0.04,84.41003273888076,,-37.20862507069051,101.0711555253097,91.93896174794305,2132.0764687658098,994.1385130974887,-1940.1571214023547
45735, -0.03, 0.03,84.41003273888076,,-36.91888851509102,101.03077778489447,92.67820979583833,2134.955865025087,995.177818895294,-1942.7683794295783
45769, 0.02, 0.04,87.56498641044054,,-36.68766531443236,101.06900941742116,91.92278173503989,2137.7591386095355,996.2965785637055,-1945.2860078118458
45802, -0.02, -0.07,87.56498641044054,,-37.00589359580606,101.3087583418482,92.51278360977092,2140.6042216614246,997.3048043083594,-1947.7838975740858
45844, -0.00, -0.02,86.51140958705706,,-37.90208943136299,101.3253696167325,92.8167174644399,2144.226086488147,998.4223886820702,-1951.156810716338
45881, 0.04, -0.01,86.51140958705706,,-37.55202302180013,101.18312534567603,92.0541967164049,2147.3654215401366,999.4020826957047,-1953.725981929522
45915, -0.02, -0.01,86.51140958705706,,-37.63472694357754,101.32913101777714,92.79276444412467,2150.274554258995,1000.3550629944641,-1956.2910900597756
45952, -0.01, 0.08,84.41003273888076,,-37.437155858676086,101.39865357023734,91.95755416167687,2153.49206988845,1001.3415617191492,-1959.3490011172803
45995, -0.03, 0.04,84.41003273888076,,-37.69783507088252,101.08132831632633,92.76942985094493,2157.3103261461824,1002.5667159732582,-1962.4061592088494
46030, 0.02, 0.02,83.36254155541035,,-37.44240081858641,101.08483688601905,91.9948909972643,2160.3876987080926,1003.541264613576,-1964.7990913032959
46073, -0.02, -0.01,83.36254155541035,,-37.64081091655635,101.49063160259733,92.76729869635078,2163.759358189102,1005.1148449781907,-1967.262671486577
46111, 0.01, -0.04,83.36254155541035,,-37.847413692665036,101.3113322423824,91.95506655904583,2166.7278555781,1006.5930463494349,-1969.5384363140138
46144, -0.06, 0.05,86.51140958705706,,-37.42171347367492,101.19647652839896,92.55760406828587,2169.295744487533,1007.7160529918965,-1971.6087099123827
46177, -0.00, 0.04,86.51140958705706,,-37.18028348885076,101.08583625679216,91.845867014761,2172.146513200002,1008.8293309508285,-1973.9775895097214
46220, -0.06, -0.08,84.41003273888076,,-37.30554207165472,101.19172238326283,92.79893938068716,2175.844174748147,1010.4304131440638,-1976.9580666975087
46261, -0.01, -0.04,84.41003273888076,,-37.83597032930264,101.65197238628437,92.33190509789074,2179.3710709588718,1011.7385645194283,-1979.4168424030777
46299, -0.02, 0.03,84.41003273888076,,-37.45046694770055,101.11200729933546,92.12765009444769,2182.449623691927,1012.964710071737,-1981.9337831966466
46342, 0.05, 0.05,87.56498641044054,,-37.56798210673419,101.71283425558812,92.62242947334889,2185.50995572881,1014.4651649367913,-1984.793133947053
46375, -0.08, -0.02,87.56498641044054,,-37.40016185189529,101.2708918564834,92.22130563893926,2187.800988474231,1015.7488018651211,-1987.1553253442708
46408, 0.02, 0.03,87.56498641044054,,-37.04477225537048,101.4275820961045,92.84162301658563,2190.363319150719,1017.3634069284293,-1989.513220179536
46449, -0.01, 0.05,87.56498641044054,,-37.24033801129418,101.17465573700906,91.99396777406177,2193.9144549890952,1019.3509412035347,-1992.5360697644223
46485, -0.01, 0.05,87.56498641044054,,-37.60477668749515,101.39399214477278,92.6569745854711,2197.3650312713507,1021.06915560018,-1995.3934628817547
46518, 0.02, -0.03,84.41003273888076,,-37.26843477215118,101.09372385815752,92.1132419363388,2200.6968372619176,1022.6658963085085,-1998.093451742749
46552, -0.02, 0.03,84.41003273888076,,-37.255862783353905,101.15519654061518,92.87868440880852,2204.1610162945544,1024.257893869003,-2001.0118113695462
46592, -0.07, -0.03,84.41003273888076,,-37.319397371787716,101.3877995803362,92.00671254945523,2208.2452794311757,1026.1280909959837,-2004.5930517274721
46633, 0.02, 0.01,84.41003273888076,,-37.544522596081364,100.98823540400676,92.69681699467084,2212.379912021086,1027.8814213586834,-2008.340345342055
46670, -0.01, 0.03,84.41003273888076,,-37.28421476386817,101.31227426183406,92.01082447469854,2216.1132008322575,1029.3724275210222,-2011.8373656797087
46704, -0.03, -0.04,86.51140958705706,,-37.39663436772338,101.13555608073156,92.72380435252647,2219.53750823237,1030.7386409476762,-2015.0949535693815
46738, 0.05, 0.06,86.51140958705706,,-37.16186649106059,101.13347731385124,91.96698899668452,2222.8795888067707,1032.180692571077,-2018.2439359914285
46772, 0.06, 0.06,86.51140958705706,,-37.38309292298475,101.33009876432371,92.65300106932705,2226.081313658217,1033.5963676326962,-2021.3422495163686
46806, -0.03, 0.04,84.41003273888076,,-37.36389980249576,101.00963616778914,92.01419504858195,2229.200415779624,1035.0431751191065,-2024.3063362074795
46849, -0.01, 0.04,84.41003273888076,,-37.84582018358417,101.35395109507687,92.7151936681389,2233.1188371287876,1036.9003659856721,-2027.7951438256398
46891, 0.01, 0.03,85.45970779184255,,-37.4917825341872,101.10596206985183,91.87210908537416,2236.756363314057,1038.7398715859463,-2031.4251680171524
46934, -0.05, 0.04,85.45970779184255,,-37.246026208347374,101.27480150331495,92.78532079240539,2240.424147426932,1040.6163731590404,-2034.7307553754677
46974, 0.04, 0.02,84.41003273888076,,-37.30876298873004,101.34179215868065,91.86429612598602,2243.94605285698,1042.463689489484,-2037.8459550461366
47010, -0.04, -0.01,84.41003273888076,,-37.61076989451455,101.2018106158695,92.58535999185825,2247.0297757516505,1044.1009193679545,-2040.7219130913427
47048, -0.06, -0.03,84.41003273888076,,-37.13566381178197,101.0826230722288,91.85671888645238,2250.3596529283777,1045.8029893898502,-2043.8553017104903
47082, 0.03, -0.03,84.41003273888076,,-37.467795046377894,101.260590242491,92.50834438948571,2253.3816372528645,1047.3312402988468,-2046.6393916530053
47115, -0.04, 0.02,84.41003273888076,,-37.115135456147,101.07830489402828,91.87338104569356,2256.319271482781,1048.8198242170938,-2049.379165691618
47156, 0.02, -0.00,86.51140958705706,,-36.83943751983888,101.50866176700859,92.52584116955067,2259.9896349857463,1050.3490530896236,-2053.088172036558
47199, -0.07, 0.07,86.51140958705706,,-36.71661785644638,100.8985734270966,92.0596669054958,2264.052373185532,1051.8749041983092,-2057.472898244414
47237, -0.02, 0.13,86.51140958705706,,-37.16555352651056,101.26594987789242,92.59968128716905,2267.7295531013956,1053.243533614413,-2061.1480903927477
47278, 0.03, 0.00,85.45970779184255,,-36.786881561007654,101.1017904112383,91.75414365120758,2271.633231986111,1054.6828366594382,-2064.799587354542
47320, -0.03, 0.06,85.45970779184255,,-36.892367762155075,101.25318462678763,92.67643843377941,2275.722754872053,1056.2796279061868,-2067.876143293898
47353, -0.01, -0.03,85.45970779184255,,-36.61350179683242,101.2300303100182,91.96223948130975,2279.104275123594,1057.4094616786936,-2070.558319088282
47386, -0.01, 0.09,85.45970779184255,,-36.74693532781845,101.00843178402795,92.61785917867361,2282.3925274281096,1058.6130234199468,-2073.488426337905
47423, -0.04, 0.05,85.45970779184255,,-37.082447121723526,101.42893866197397,92.08182175721346,2285.9696160349076,1059.8577254588592,-2077.0105850395025
47457, 0.03, -0.00,89.67718498562583,,-37.54722679494312,101.36609106701832,92.6779548084324,2289.318033254343,1060.8151363829,-2080.176923092704
47491, 0.02, -0.05,89.67718498562583,,-37.49681985744674,101.20594400244296,91.92706343374235,2292.7547623350874,1061.6588992723046,-2083.4096265563476
47533, 0.02, 0.02,86.51140958705706,,-37.84873737205267,101.1722498953123,92.8017493214609,2296.9849083660583,1062.9084150477452,-2087.251949898421
47574, -0.09, -0.03,86.51140958705706,,-37.4016814894915,100.97033109641983,92.00551448791603,2300.81937277328,1064.6077670459524,-2090.3209792128705
47613, 0.00, 0.01,86.51140958705706,,-37.403520286082234,101.49795865742269,92.50149645781238,2304.7334010963496,1066.0160911682274,-2093.600238130689
47647, 0.02, 0.03,86.51140958705706,,-37.197786464404956,101.07721624174437,92.03036297437282,2308.018397501851,1067.1925916147159,-2096.647451175129
47680, -0.04, 0.03,86.51140958705706,,-37.12492846528991,101.56378180662398,92.34557679301264,2311.3287532949143,1068.5213096644718,-2099.6832490129677
47714, -0.05, 0.02,86.51140958705706,,-36.83188884186178,101.09974017291091,92.02201353461231,2314.7722882564904,1069.8876881115575,-2102.536527615057
47754, -0.01, 0.02,86.51140958705706,,-36.04052251187782,100.86945320121954,91.63864545655422,2318.832501622624,1071.2457729987007,-2106.0145718705935
47788, 0.01, 0.03,86.51140958705706,,-36.391876168254996,101.19694358413352,92.15954055125285,2322.3207261109715,1072.4496981731554,-2109.0610686434516
47821, -0.04, 0.04,85.45970779184255,,-36.99992651095338,101.2754223094571,92.57647076344217,2325.9936780864386,1073.745321785008,-2112.188700520316
47854, 0.08, -0.01,85.45970779184255,,-36.694227251608496,100.9922356687986,91.99633269786773,2329.413472244943,1075.1150092977732,-2114.8323299847857
47892, -0.04, -0.02,85.45970779184255,,-37.08300795264591,101.37054422181404,92.56682150014582,2333.2647027466915,1076.6671365360137,-2118.2559182378095
47926, -0.08, 0.00,85.45970779184255,,-36.9148642343201,101.01381561682366,91.98646771944152,2336.664912149672,1078.0055989797484,-2121.1709414931456
47960, 0.03, -0.00,85.45970779184255,,-37.101983733078086,101.3968319960742,92.51476074420854,2340.003839001946,1079.14663245431,-2123.913496146678
48003, -0.04, -0.06,85.45970779184255,,-36.56223648156556,101.08584857263918,91.79243573476732,2344.0125448020185,1080.4712309129163,-2126.295718098786
48045, -0.03, -0.01,85.45970779184255,,-36.980207284391255,101.31564359791719,92.58939707348192,2347.2774304501954,1081.2854093446656,-2128.40360650744
48084, -0.03, -0.04,85.45970779184255,,-36.88665062773668,101.18725196137363,91.70883949104521,2350.0809251540923,1082.3435967876048,-2130.8148794733775
48118, -0.03, 0.01,85.45970779184255,,-37.25866574215525,101.2293636791156,92.37684214060447,2352.4813968695316,1083.501543617787,-2132.9786764117634
48151, 0.02, -0.07,85.45970779184255,,-36.67372638672673,101.24920847226785,91.87714216568918,2354.530250058063,1084.3302473823358,-2134.6871461222245
48193, -0.02, 0.01,85.45970779184255,,-37.09508459767996,101.34882644291964,92.71563112279149,2356.1506469007327,1084.1976535032989,-2136.383608092028
48227, 0.04, 0.12,85.45970779184255,,-36.87772172911406,101.10951657085512,92.03591465653756,2356.5243910679696,1082.1698264331233,-2137.3121725466203
48266, -0.03, 0.04,85.45970779184255,,-37.10050898148404,101.49509786225929,92.70669295677757,2356.3201716609096,1078.0117284101495,-2139.4467008717033
48300, -0.01, -0.03,88.62029190014282,,-37.032692922987124,101.16766538923461,92.0791415479528,2356.418329687132,1074.253033280067,-2141.3050202969107
48343, -0.05, 0.04,88.62029190014282,,-37.50987208983863,101.53289180857918,92.76718181720537,2358.034893625396,1069.4984391914495,-2143.3273626752903
48384, 0.02, 0.04,82.3173968427461,,-37.22370829986941,101.04388354012941,92.1777297770568,2362.027577630534,1069.8459713101931,-2146.0658370538686
48417, 0.03, -0.04,82.3173968427461,,-37.41687113327828,101.51521312615303,92.50530000787887,2365.45358360199,1072.6595728036034,-2148.3863967396883
48455, -0.11, -0.01,82.3173968427461,,-36.929834869046736,101.07322031079539,92.11050399769773,2368.5928336761153,1076.6408189897888,-2149.56642710854
48489, -0.02, 0.12,85.45970779184255,,-37.171118758176775,101.34087872090517,92.74538485908182,2371.4122388631795,1079.6438109566047,-2152.0084863825105
48522, 0.01, 0.00,85.45970779184255,,-37.237974605694035,101.43990089772446,91.99189771966755,2373.438079492933,1081.3906843527839,-2154.683021085533
48565, 0.05, 0.07,84.41003273888076,,-37.24265326036218,100.998033701151,92.73710066253835,2375.6373059206676,1082.0570858192964,-2157.6627945024366
48607, 0.04, 0.07,84.41003273888076,,-36.65513487046466,100.74213724328332,92.04152030806691,2378.1974108467234,1082.3002286754538,-2160.8239286660296
48645, 0.01, 0.02,84.41003273888076,,-37.10412644802136,101.22280086340619,92.37277711402459,2381.7484654202935,1084.376273552523,-2165.1860986830898
48680, -0.04, -0.01,84.41003273888076,,-36.84587249789162,101.0140639958706,91.65709278559794,2385.0194169021056,1086.2245652794027,-2169.180715126222
48713, -0.03, -0.01,84.41003273888076,,-37.042925837960944,101.22754303492651,92.31543620972727,2388.2445789967155,1087.9139201197902,-2173.84233261073
48746, 0.01, -0.06,85.45970779184255,,-37.6052674457876,101.33026179573564,92.78348129714367,2391.1555174114187,1089.2345685182597,-2178.78367895855
48788, -0.03, 0.09,85.45970779184255,,-37.123260233756,101.12494947924893,91.98210651493135,2394.877604538099,1091.8617633624895,-2185.222672903821
48827, -0.03, 0.02,85.45970779184255,,-37.26538466858282,101.46995253851169,92.71431462905291,2397.5500999675482,1092.940150974376,-2188.987749844248
48861, 0.02, 0.13,84.41003273888076,,-37.03124560452121,101.1665816522111,92.09522215222239,2399.4461476478846,1091.8240236978136,-2189.950697703705
48894, 0.01, -0.02,84.41003273888076,,-36.55261280398212,101.51878863897956,92.39744327777589,2401.218688451655,1088.3888383295448,-2190.9827550478435
48936, -0.01, -0.04,83.36254155541035,,-36.425555294282375,100.92827055452909,91.92843517489635,2403.4988293815472,1083.731787838382,-2193.8385228025763
48969, 0.03, -0.01,83.36254155541035,,-36.7569241951066,101.25950640009023,92.42407118318815,2405.494785349583,1080.3988195415886,-2196.8350628653307
49008, -0.03, 0.04,83.36254155541035,,-37.55493585798533,101.37140842161634,92.77082936640409,2407.884019022283,1077.8940467868767,-2201.497536922747
49042, 0.01, -0.01,86.51140958705706,,-37.18692909602026,101.17806741421755,92.1257033084884,2409.6932279086614,1077.4437114152904,-2204.6722080176723
49075, -0.04, 0.00,86.51140958705706,,-37.46372020853161,101.38674720423917,92.75763603833404,2411.6544924429545,1078.3595243408938,-2206.574533314571
49112, -0.02, 0.07,86.51140958705706,,-37.09912967616893,101.10536394221263,92.08736238464019,2414.5026805043476,1081.0849344968103,-2208.221625498857
49145, 0.02, 0.04,87.56498641044054,,-37.030659978894896,101.28171193992719,92.79146860420869,2417.5241023219164,1084.3518322994619,-2209.85585997832
49178, 0.01, -0.01,87.56498641044054,,-36.948223168396105,101.1368538466365,92.05817790866985,2420.860492744481,1087.6939387625218,-2211.842877923468
49219, -0.02, 0.12,85.45970779184255,,-36.21642251768548,101.21249758761127,92.63687988422085,2425.635191584704,1091.2278938495695,-2214.429437797154
49256, -0.05, 0.04,85.45970779184255,,-37.04491726140038,101.32181112573718,92.64535461907239,2430.489962015433,1093.5411176271086,-2216.546036615401
49295, -0.02, 0.05,85.45970779184255,,-37.76659081579669,101.20515862932068,92.16139278144101,2436.09649402706,1094.953671592089,-2219.6050980356085
49328, -0.02, -0.05,84.41003273888076,,-37.07414748788949,101.31500994396319,91.8691894165001,2440.825178573051,1095.848374168165,-2221.9993623847226
49371, 0.02, -0.03,84.41003273888076,,-37.45025791399588,101.44703666826906,92.7454540434229,2446.648428996254,1097.2877568796666,-2225.8402468230693
49412, -0.05, 0.03,86.51140958705706,,-37.15660158483053,101.01768428806483,92.0762129639701,2452.4103960668467,1099.4035617759278,-2230.250263668333
49455, 0.03, 0.05,86.51140958705706,,-37.09867872617419,101.53926959041,92.72021499673745,2459.245018696619,1101.6942969065062,-2236.6799680494637
49497, 0.02, 0.05,86.51140958705706,,-36.82870414432577,101.07184911593674,92.0578876934472,2466.975608133093,1104.9190390777258,-2244.39260927112
49538, 0.01, -0.03,86.51140958705706,,-35.976205132916924,101.22674843408714,92.38872264459125,2474.3307947870494,1108.7595931657954,-2251.7778902360733
49577, 0.02, 0.13,86.51140958705706,,-36.71888808115834,101.4182017563212,92.79428827032358,2480.1393671111805,1112.305826476002,-2256.058976078706
49611, -0.05, 0.04,86.51140958705706,,-36.84075250536738,101.3758652167314,92.01934418504834,2484.650499932292,1114.7949992118915,-2259.364801645276
49644, 0.02, 0.06,86.51140958705706,,-36.98565252659611,101.01772108042782,92.54305677148365,2489.320256602235,1116.4994249263534,-2262.482451750612
49684, -0.03, -0.03,83.36254155541035,,-36.67499525858363,101.34042709084042,91.79170955059206,2494.1880333405297,1117.1475386815357,-2267.3220947886934
49726, -0.03, 0.02,83.36254155541035,,-37.26998758804365,101.40469772176425,92.5245754105821,2497.65991390844,1116.710677008393,-2272.4618822658967
49764, 0.05, 0.07,83.36254155541035,,-37.57823429280954,101.12656496016862,91.81609250606193,2499.789554887419,1115.5548187628933,-2276.759259430712
49798, -0.04, -0.00,85.45970779184255,,-37.258181960324166,101.38896553824102,92.41530767200274,2501.66296531148,1114.1888415831788,-2281.637910267253
49831, -0.02, 0.05,85.45970779184255,,-36.85353108491456,101.06112430107753,91.9515590858193,2503.4038367669623,1112.5766831246974,-2286.233323347694
49874, 0.02, -0.03,84.41003273888076,,-37.256795221634405,101.40511406759639,92.70513413666767,2505.1760143024617,1111.1959930335552,-2292.5723092406724
49907, 0.01, -0.03,84.41003273888076,,-36.95552181727175,101.21956869783752,92.04740006042137,2506.379130052147,1110.6877432177087,-2298.881052294712
49947, 0.06, -0.05,84.41003273888076,,-37.235534063903266,101.39471221152327,92.87177962519289,2508.583949440704,1111.6688241546724,-2307.222170878868
49981, 0.01, 0.05,84.41003273888076,,-36.97772978051556,101.15380816669426,92.20677750455052,2511.39993900603,1113.6339062857219,-2313.3413365994593
50014, -0.02, 0.02,84.41003273888076,,-37.38435061081141,101.48908829309121,92.63693279278621,2514.4927721794597,1116.418985296038,-2319.3657873394936
50052, 0.04, 0.05,84.41003273888076,,-36.97494019393228,101.27150297136208,91.91506473750482,2517.6819846375865,1119.7018765231676,-2324.477315329689
50085, -0.05, 0.00,86.51140958705706,,-37.37568133877101,101.29815464917874,92.53996934585506,2519.3350851990986,1121.9600691868695,-2328.1897959272164
50118, 0.01, 0.05,86.51140958705706,,-36.98407153254112,101.0568820290147,91.97423454036442,2520.4800225464123,1123.829086027135,-2331.176335433312
50152, -0.01, 0.02,84.41003273888076,,-37.26702429266135,101.435877537228,92.4672377921925,2522.263898558046,1125.5709624773876,-2335.01194153896
50185, 0.02, -0.02,84.41003273888076,,-37.948660589150066,101.29941863734341,92.2473087974088,2524.6705011818303,1126.9957979507146,-2338.017022196302
50221, -0.08, -0.04,84.41003273888076,,-37.370680266609504,100.9845650997126,91.83026175196675,2527.992858422242,1128.0303894479405,-2340.509164627379
50263, 0.05, 0.03,86.51140958705706,,-37.18165202886371,101.4087815262889,92.5535412219612,2532.8622595234874,1128.9607741803939,-2344.3937279623183
50296, 0.01, -0.02,86.51140958705706,,-37.01922025929361,101.08793866651722,91.96083027928947,2536.985340228766,1129.7112609662431,-2347.9292831796015
50334, -0.01, 0.03,86.51140958705706,,-37.350700815371475,100.71961493176431,92.56483905745183,2541.763787189651,1131.142963953299,-2350.8745414303717
50371, -0.06, -0.09,87.56498641044054,,-37.36715615089887,100.98045037492197,91.77659292313355,2546.0362932061707,1132.8854944029667,-2356.0369208277452
50410, 0.08, 0.03,87.56498641044054,,-37.20572900945728,101.26656077109192,92.54938438654915,2548.775643118158,1133.8548783756214,-2361.315736834366
50444, 0.03, -0.00,85.45970779184255,,-37.088785883174765,101.28913442196229,91.76759472818065,2550.7216195437877,1134.629901154165,-2365.3618611029274
50478, 0.01, 0.01,85.45970779184255,,-37.277668996046714,101.25630247091702,92.50720421743013,2552.82610457223,1136.0931541181278,-2369.6177252032785
50515, -0.00, -0.01,85.45970779184255,,-36.97001177008919,101.14869043759258,91.71573818682988,2555.734119463976,1138.8258197262346,-2375.1878544490996
50548, -0.01, 0.01,86.51140958705706,,-37.26152510677639,101.28053734676101,92.3781556932221,2558.8339537455977,1141.7863307295056,-2380.102091890925
50582, -0.03, 0.02,86.51140958705706,,-37.17519497105245,100.85919395202477,91.87836700935893,2562.441978614519,1144.4316727383066,-2384.4859744413425
50625, 0.00, 0.11,86.51140958705706,,-37.19525321556801,101.36703800444751,92.5507488294686,2567.720644637414,1146.796169937339,-2388.68011598786
50658, 0.01, 0.02,86.51140958705706,,-37.82548060117141,101.28730095180465,92.15928900261873,2572.3695640027713,1148.0546966934273,-2391.2296034808232
50698, -0.02, 0.06,86.51140958705706,,-38.036643611774196,101.82394792327086,92.64251489408119,2575.855562301056,1150.2114680977677,-2395.064235346286
50731, -0.05, 0.04,87.56498641044054,,-37.69437261503527,101.407527870132,92.29670682322207,2577.5550946805783,1152.295376614631,-2398.483138810755
50764, 0.02, -0.05,87.56498641044054,,-37.32386337597282,100.94491646892797,92.16750065513156,2580.498853123015,1154.4898377030504,-2401.3580712219787
50802, -0.04, 0.07,87.56498641044054,,-36.942158035738885,101.50035408861913,92.08845057426453,2583.2860492505833,1156.9718113394306,-2404.4750375155872
50839, -0.07, 0.06,86.51140958705706,,-36.94495521853272,101.01595817153493,92.56527302010996,2586.2639392814203,1159.3112723947984,-2408.1010568489723
50877, -0.02, -0.03,86.51140958705706,,-37.555511730408504,101.45732003786415,92.37839754487513,2589.159258276493,1162.0104478458054,-2414.4619097239943
50911, 0.02, 0.04,87.56498641044054,,-37.25945917830129,101.00072342125262,92.02839396163496,2591.7379165040134,1164.701567449841,-2419.9294977909217
50944, 0.01, 0.01,87.56498641044054,,-37.818745701122786,100.68428344289927,92.20783669072432,2594.5850002840584,1167.3501299203133,-2424.7880197833892
50984, 0.03, 0.04,87.56498641044054,,-37.86842388992812,101.32926789282007,92.00068564385215,2597.9022800906755,1170.3232475481036,-2432.2375453199793
51017, -0.03, 0.02,84.41003273888076,,-37.62136906726941,101.61517384378654,92.58029476488308,2599.717922381064,1172.5713597257427,-2439.6290396265317
51051, -0.08, -0.09,84.41003273888076,,-37.5912018857996,102.13995843208828,92.47547169672232,2601.445888180995,1174.3579614865037,-2442.3086708992387
51090, -0.08, 0.14,85.45970779184255,,-37.72688756207348,101.53771252069592,92.06465633425601,2605.997896507106,1176.1882970493602,-2445.6773612825064
51132, 0.10, 0.11,85.45970779184255,,-37.984482084127755,101.41576939296874,92.96079950843121,2611.5092616693196,1178.5020985481713,-2449.549952946524
51172, -0.04, -0.13,85.45970779184255,,-37.72782183306171,101.12494231697802,92.17109491609853,2614.8710376019662,1180.580856705012,-2453.056976473042
51205, -0.04, -0.01,82.3173968427461,,-37.720487623705125,101.64587168147003,92.36847037340284,2618.055498650596,1181.9331054391553,-2455.6744090855896
51238, 0.02, -0.05,82.3173968427461,,-37.77875739553733,101.1264541023928,92.39596930386278,2621.986829015811,1183.3849875380217,-2459.2240380997573
51280, 0.08, 0.05,85.45970779184255,,-38.092556155375256,101.71237889948269,92.7852032516546,2626.0012113858743,1185.3802275756861,-2462.1769273516297
51313, 0.06, 0.07,85.45970779184255,,-37.87687041114396,101.35051983966761,92.26265197895566,2629.3261902400313,1187.0685191941666,-2464.4471479856093
51353, 0.01, 0.03,85.45970779184255,,-37.89525545082021,100.70905994292785,92.23355752120654,2633.434975069066,1189.1065032169506,-2467.411681853
51386, -0.04, -0.01,85.45970779184255,,-37.7856951138425,101.22892078917282,92.38615445651112,2636.8214864054144,1190.8071598164545,-2469.7983732691346
51420, -0.05, 0.04,85.45970779184255,,-37.52868213270187,100.92846781027148,91.77242647211423,2640.267573815044,1192.6746211706347,-2472.1211225210704
51458, 0.04, 0.05,85.45970779184255,,-37.40371496292242,101.26449211201638,92.48518791336436,2644.0195920651527,1194.8970729671887,-2474.5864134870008
51493, -0.02, 0.05,83.36254155541035,,-37.99627168956005,101.6419193378057,92.6109493295861,2646.6571518932105,1196.6894629736119,-2476.8572035293696
51531, -0.06, -0.03,83.36254155541035,,-37.59766207816939,101.21709336848383,92.10122603021611,2649.414419529116,1198.489012319516,-2479.4496198247716
51565, -0.02, 0.04,86.51140958705706,,-37.50048222103612,101.5783319513107,92.68136801794681,2651.8072459817395,1200.0291685130796,-2481.801070614465
51598, -0.03, 0.03,86.51140958705706,,-37.448176203019514,101.20136535362374,92.14044907447433,2654.1257767073,1201.4878744134385,-2484.128370095876
51638, 0.02, 0.04,86.51140958705706,,-37.94345284759117,101.45169919711851,92.82095646248995,2656.9510516688492,1203.2588648254289,-2486.9631661275243
51671, 0.05, -0.06,85.45970779184255,,-37.634944239356244,101.35798528832338,92.12875162176704,2659.2509724300435,1204.7625439630476,-2489.2077311208486
51704, 0.02, 0.14,85.45970779184255,,-37.52701913243502,100.85673679315192,92.36143534777817,2661.5790940544534,1206.2677268779776,-2491.4662483840475
51742, -0.05, -0.02,85.45970779184255,,-37.16698865405383,101.39207021596697,92.06962191476688,2664.240650929833,1208.0370899845864,-2494.0243206843056
51778, -0.04, 0.05,85.45970779184255,,-36.901382473155365,101.01837379873255,92.64268513244735,2666.7719724317944,1209.6934977825122,-2496.467403881991
51812, -0.02, 0.04,85.45970779184255,,-37.14503512963241,101.2260205417076,91.94764128696319,2669.1534881196967,1211.290668214618,-2498.744307147795
51854, -0.02, 0.04,84.41003273888076,,-37.72208440766619,101.40521326971235,92.66628612857717,2672.0914837770406,1213.274095708856,-2501.5506508622493
51887, 0.07, -0.01,84.41003273888076,,-37.385582844685175,101.15201021147777,92.07263541321389,2674.403025276887,1214.8124080835225,-2503.769429179914
51926, -0.08, 0.10,84.41003273888076,,-37.85055976154527,101.35662132863929,92.76886173351936,2677.1262341068273,1216.6608936555265,-2506.374811580754
51962, 0.01, 0.01,85.45970779184255,,-37.567392221269564,101.21182851903714,92.01130648209082,2679.649379398465,1218.3415950789915,-2508.805759466279
52000, 0.04, 0.08,85.45970779184255,,-36.804666412999985,101.08697896712178,92.39809911101945,2682.306216049655,1220.1227501612032,-2511.365855554039
52040, 0.04, -0.05,83.36254155541035,,-37.410642505999725,101.54252496636856,92.66397512156205,2685.0997129586835,1222.0174111596377,-2514.0503200885137
52074, -0.03, 0.01,83.36254155541035,,-37.6907017847703,101.07698595529433,92.40351315719232,2687.4789918538067,1223.6100320581386,-2516.3538550810363
52112, -0.02, -0.02,83.36254155541035,,-38.07609043323044,101.64354482937156,92.38846681557442,2690.133036947381,1225.394421553579,-2518.9209485773345
52149, -0.00, -0.04,85.45970779184255,,-37.65827194997062,101.14027867639919,92.14749422078131,2692.7326772420106,1227.1323027328835,-2521.4488129344536
52185, 0.06, 0.09,85.45970779184255,,-37.942155809287975,101.11296783816297,92.90468451785122,2695.2549881368873,1228.8208069013608,-2523.9023453825744
52227, -0.05, 0.02,84.41003273888076,,-37.82513969576086,101.45228089838757,92.05538638740474,2698.2030595278284,1230.7973510498632,-2526.7727817660343
52260, 0.04, 0.09,84.41003273888076,,-38.10734188072426,101.39076938087254,92.73471070976368,2700.5406777768135,1232.3382455118353,-2529.0531261354304
52297, 0.00, -0.06,84.41003273888076,,-37.62199409994077,101.26570271570797,92.04398516834338,2703.1562136850034,1234.0711648143767,-2531.605453707458
52330, -0.07, 0.09,85.45970779184255,,-37.845873308663556,101.30541709481724,92.7517874063766,2705.5069403232487,1235.6058523323654,-2533.905783443933
52363, 0.00, 0.03,85.45970779184255,,-37.74146862066009,101.2064261583113,92.00590387066177,2707.855529037501,1237.1486293260907,-2536.2036097252894
52404, -0.04, 0.03,85.45970779184255,,-38.14432527539506,101.53431668734945,92.71592303477038,2710.801363023006,1239.0556916629737,-2539.0913706073443
52446, 0.02, 0.03,85.45970779184255,,-37.81585130243341,101.04022619964228,92.11730047416825,2713.839109154843,1241.0088351572374,-2542.0691419846735
52484, -0.03, -0.03,85.45970779184255,,-37.78608863702028,101.59078197730257,92.50734482589947,2716.5997171784225,1242.7787291867,-2544.768322680561
52517, -0.04, -0.03,85.45970779184255,,-37.5664909817908,101.41690818912879,91.81696096268682,2719.015786379551,1244.3015967328517,-2547.1271547128435
52550, 0.03, 0.04,85.45970779184255,,-37.28649360186897,101.01040580273202,92.22390627351447,2721.4443641137977,1245.8341122077657,-2549.495632441907
52593, -0.01, 0.03,85.45970779184255,,-37.46252865343652,101.64129582752535,92.62885485057447,2724.6288300667125,1247.8277709105942,-2552.6052757738294
52626, 0.00, 0.05,85.45970779184255,,-37.24327341096482,101.2759034297936,92.11612236587185,2727.089390739791,1249.3449400872746,-2555.0056985242013
52659, 0.02, 0.04,85.45970779184255,,-37.547389229956764,101.29489938367473,92.79305640314419,2729.5664117370798,1250.8724452689194,-2557.415122234932
52701, 0.00, 0.00,86.51140958705706,,-37.3007407946729,101.29917685610435,91.84714889634037,2732.748217140435,1252.809910512702,-2560.5009801693086
52743, -0.04, 0.03,86.51140958705706,,-37.662027742144254,101.23722334500154,92.71439643248962,2735.9559298634745,1254.7437400039853,-2563.6053114178662
52786, -0.00, 0.06,85.45970779184255,,-37.304242008405424,101.31067070031153,91.78326809287307,2739.27198602219,1256.7282190917645,-2566.800407641787
52828, -0.01, -0.02,85.45970779184255,,-37.66616882658625,101.44720529172332,92.6391825018551,2742.539665271346,1258.6636801491268,-2569.94352074693
52867, 0.03, 0.02,85.45970779184255,,-37.259139307088354,101.23190787034622,91.88615019879317,2745.5900047155687,1260.4566545618393,-2572.871137732902
52902, 0.01, 0.08,85.45970779184255,,-36.94209258167808,101.18937549027406,92.61204509938581,2748.3471826647915,1262.0695851359953,-2575.504411804066
52942, -0.00, 0.03,85.45970779184255,,-36.66708953673349,100.96390461765044,91.78151599481919,2751.52685399502,1263.9137513652236,-2578.5381007886394
52976, -0.06, 0.06,85.45970779184255,,-36.99896280172977,101.24583945299423,92.36439814492013,2754.2387378290073,1265.4779730375744,-2581.1177929053965
53009, 0.09, 0.01,85.45970779184255,,-37.568034005002474,101.60820190863087,92.3103992976244,2756.8910599250257,1266.9968090132868,-2583.633890507591
53046, 0.02, 0.03,85.45970779184255,,-37.24728352363211,101.07157819196658,92.06541265538338,2759.885670449002,1268.702289174765,-2586.4682117011016
53083, 0.03, 0.02,87.56498641044054,,-37.55360586478901,101.43878977881275,92.66455135714065,2762.893252224943,1270.4043536469026,-2589.3105468672848
53122, 0.02, 0.05,87.56498641044054,,-37.43682422060361,100.91693277693093,92.17154513195592,2766.087493229318,1272.1993207776536,-2592.326675284544
53158, -0.01, 0.05,84.41003273888076,,-37.5971156090849,101.46459138641288,92.43078799716251,2769.049206661586,1273.8567562535359,-2595.113086458477
53191, -0.01, 0.08,84.41003273888076,,-38.24654892784194,101.34881370653247,92.73539830349442,2771.780040964739,1275.374427741125,-2597.6793195283135
53230, -0.03, 0.00,84.41003273888076,,-37.89641061631183,101.07185040707148,91.99325238128745,2775.030749512131,1277.1666844758947,-2600.726962420151
53263, -0.01, 0.03,85.45970779184255,,-38.04871754958615,101.41005421640078,92.55536418228957,2777.792096763453,1278.6799831932544,-2603.30956570347
53297, 0.01, 0.07,85.45970779184255,,-37.79087916140824,101.22063067356675,91.85926210476154,2780.6534998129946,1280.2345690730585,-2605.9880138867916
53335, -0.02, 0.01,85.45970779184255,,-37.64486832340491,101.35514481692812,92.68549847815356,2783.8774183857827,1281.979557206599,-2608.989224700465
53370, -0.04, 0.03,85.45970779184255,,-37.46161515321278,101.27528207663146,91.90052708763054,2786.860582038411,1283.5787017531325,-2611.762930836742
53408, 0.07, 0.01,85.45970779184255,,-37.224360078466205,101.09963366294774,92.6915102219845,2790.1237619967847,1285.3170594721826,-2614.7854945135214
53442, -0.02, 0.09,87.56498641044054,,-37.28340417035778,101.42757230968473,92.0486519255502,2793.057817701206,1286.867106263614,-2617.501022267435
53475, -0.01, 0.09,87.56498641044054,,-37.71935100618561,101.3219764855577,92.62474882140634,2795.9260219142266,1288.3707251469737,-2620.145186113473
53513, -0.01, 0.02,87.56498641044054,,-37.68075754454842,100.92252037881781,91.9580571677791,2799.255515180784,1290.1032778096949,-2623.205484907463
53550, -0.03, -0.05,85.45970779184255,,-37.6622255943365,101.4227414671134,92.42740887396121,2802.519018708176,1291.779385297113,-2626.2001732969366
53588, -0.02, 0.07,85.45970779184255,,-37.224612796494,101.00440605116626,91.93663871467434,2805.9009236068964,1293.499423627646,-2629.2895891378357
53629, -0.03, 0.02,87.56498641044054,,-37.6531476047826,101.42281216710457,92.531666631798,2809.5862160831834,1295.3627805820402,-2632.638537957879
53662, -0.03, 0.04,87.56498641044054,,-37.57581052209929,101.02364022869611,92.03096210905044,2812.5805123188316,1296.8477729282033,-2635.3508167640507
53698, -0.01, -0.05,87.56498641044054,,-37.87252429239507,101.42697746774637,92.55717899224678,2815.875642520975,1298.4700093142083,-2638.3200882610427
53732, -0.02, 0.03,87.56498641044054,,-37.44370273869175,101.14404188475022,92.02502891639764,2819.0201150315047,1300.0010463394735,-2641.1388458291385
53765, 0.03, 0.01,87.56498641044054,,-37.8691849605766,101.34452596761778,92.57524358858922,2822.1029139575826,1301.4820722231284,-2643.889202209777
53801, 0.02, 0.00,87.56498641044054,,-37.627125696549605,101.00034689640285,91.94429827282529,2825.5043395483463,1303.0951869281469,-2646.907236807745
53838, -0.07, 0.05,85.45970779184255,,-37.59501526739307,101.30507475387867,92.66775320540594,2829.0357066243896,1304.7539763032678,-2650.024426520429
53876, -0.03, 0.03,85.45970779184255,,-37.10754829237591,101.0605948280549,92.01171079455408,2832.7084367932866,1306.4564737066394,-2653.2463849173364
53917, 0.03, -0.04,88.62029190014282,,-37.455541506047645,101.46368281604771,92.67377650447474,2836.728788334754,1308.2923473449166,-2656.747709601313
53950, 0.01, -0.01,88.62029190014282,,-37.44009578958496,101.09769690159358,92.12057850320511,2840.0051304741187,1309.7707284705473,-2659.580250351014
53988, 0.02, 0.08,88.62029190014282,,-37.7161502230934,101.56448973322263,92.62048590486486,2843.8192090280804,1311.4677594731168,-2662.857473516715
54024, -0.01, -0.05,83.36254155541035,,-37.695503227913804,101.15073600084068,92.04049274353346,2847.4687532761354,1313.0751552371341,-2665.979764723676
54057, 0.01, 0.03,83.36254155541035,,-37.889359769203566,101.49734495640799,92.5787378955326,2850.835089346692,1314.5474611733994,-2668.8428219346356
54098, -0.02, 0.00,85.45970779184255,,-37.48554971277561,101.07901457782594,91.94937178886876,2855.0360183135144,1316.3710684878229,-2672.4065541164628
54132, -0.05, 0.04,85.45970779184255,,-37.764898521463024,101.38361238052006,92.53354474586207,2858.5272349214174,1317.886836175092,-2675.3692774052074
54169, -0.03, 0.02,85.45970779184255,,-37.33488645176638,101.23642502906796,91.81255774233148,2862.323052608114,1319.538033993812,-2678.5976577328092
54206, 0.01, -0.08,85.45970779184255,,-37.55636817879819,101.25905090334946,92.6171191579458,2866.1120351941595,1321.1878134196543,-2681.837057919734
54243, -0.00, 0.03,85.45970779184255,,-37.65667864888246,101.34228867601242,91.7715091240288,2869.8813773453517,1322.836455230513,-2685.098890511597
54284, 0.06, 0.03,84.41003273888076,,-37.96486879461133,101.32646190346605,92.64075979594153,2874.0182309024235,1324.6417330050385,-2688.7595939846074
54318, 0.05, 0.03,84.41003273888076,,-37.54178757794736,101.20765767958777,91.99037831077351,2877.3619640836696,1326.1186326355353,-2691.883264496598
54352, 0.05, -0.00,84.41003273888076,,-37.7822066282189,101.30019133094633,92.70804939984609,2880.571262961886,1327.5812088433943,-2695.0609560824187
54386, 0.01, -0.04,87.56498641044054,,-37.73576872943509,101.33070075905799,91.91936396634374,2883.48874288854,1329.0080046629605,-2698.1966765623674
