22286, 0.00, 0.00, 0, 0, 0.00, 0.00, 0.00, 0.00, 0.00, 0.00, 0.00, 0.00, 0.00, 0.00, 0.00, 0.00, 0.00, 0.00, 0.00, 0.00, 0.00, 0.00
22334, -0.02, -0.00, 91, 2723, -16469.00, 1720.00, 2572.00, -0.12, 0.05, 0.28, 1998.00, 1702.00, 4932.00, 14679.00, -5163.00, 5783.00, -0.48, 0.14, 1.19, -3784.00, 256.00, -2064.00
22374, 0.02, -0.04, 91, 2723, -16476.00, 1695.00, 2569.00, -0.16, 0.07, 0.24, 2060.00, 1666.00, 4954.00, 14706.00, -5217.00, 5822.00, -0.64, 0.08, 0.86, -3778.00, 268.00, -2066.00
22407, 0.06, 0.06, 115, 2723, -16468.00, 1706.00, 2605.00, -0.16, 0.12, 0.25, 2128.00, 1690.00, 4936.00, 14674.00, -5139.00, 5624.00, -0.01, -0.94, -0.70, -3784.00, 268.00, -2073.00
22450, 0.03, -0.01, 115, 3394, -16475.00, 1701.00, 2570.00, -0.13, 0.07, 0.24, 2116.00, 1658.00, 4997.00, 14725.00, -5117.00, 5782.00, 0.25, -0.12, 0.47, -3812.00, 274.00, -2056.00
22487, -0.02, 0.01, 115, 3394, -16460.00, 1699.00, 2615.00, -0.12, 0.05, 0.26, 2102.00, 1732.00, 4955.00, 14653.00, -5053.00, 5612.00, 0.12, -0.88, 1.68, -3794.00, 274.00, -2032.00
22522, -0.00, 0.02, 121, 1999, -16452.00, 1710.00, 2570.00, -0.12, 0.07, 0.25, 2064.00, 1746.00, 4909.00, 14750.00, -5072.00, 5722.00, -0.50, -0.42, -0.20, -3806.00, 228.00, -2054.00
22562, 0.02, 0.04, 121, 1999, -16453.00, 1715.00, 2595.00, -0.12, 0.08, 0.24, 2092.00, 1704.00, 4921.00, 14890.00, -5002.00, 5839.00, -0.10, -0.90, -0.16, -3800.00, 238.00, -2013.00
22598, -0.02, -0.02, 121, 3740, -16482.00, 1688.00, 2604.00, -0.15, 0.08, 0.25, 2048.00, 1710.00, 4947.00, 14870.00, -4989.00, 5727.00, -0.32, 0.15, 1.72, -3778.00, 262.00, -2044.00
22637, 0.00, 0.07, 121, 3740, -16481.00, 1710.00, 2580.00, -0.17, 0.11, 0.21, 1980.00, 1712.00, 4927.00, 14775.00, -5086.00, 5768.00, -1.75, 0.67, 1.54, -3806.00, 278.00, -1984.00
22675, -0.00, 0.02, 121, 3740, -16457.00, 1709.00, 2600.00, -0.12, 0.09, 0.22, 2056.00, 1728.00, 4909.00, 14752.00, -5135.00, 5728.00, -1.50, 1.24, 1.15, -3788.00, 242.00, -1996.00
22712, 0.04, -0.06, 123, 3290, -16473.00, 1706.00, 2601.00, -0.15, 0.06, 0.23, 2030.00, 1668.00, 4941.00, 14697.00, -5126.00, 5774.00, -0.95, 0.88, 2.26, -3810.00, 332.00, -2007.00
22750, 0.03, 0.00, 123, 3290, -16474.00, 1693.00, 2577.00, -0.13, 0.07, 0.22, 2076.00, 1728.00, 4937.00, 14642.00, -5200.00, 5808.00, -1.52, 1.01, 2.07, -3760.00, 278.00, -1990.00
22786, 0.07, 0.01, 122, 1386, -16463.00, 1705.00, 2598.00, -0.17, 0.08, 0.22, 2080.00, 1684.00, 4910.00, 14679.00, -5136.00, 5728.00, -1.56, 1.19, 1.07, -3774.00, 262.00, -2047.00
22824, 0.02, 0.08, 122, 1386, -16473.00, 1718.00, 2545.00, -0.13, 0.06, 0.23, 2062.00, 1704.00, 4964.00, 14719.00, -5153.00, 5751.00, -1.55, -0.09, 1.04, -3770.00, 258.00, -2044.00
22862, 0.05, 0.07, 122, 1386, -16454.00, 1725.00, 2608.00, -0.14, 0.08, 0.24, 2148.00, 1750.00, 4949.00, 14700.00, -5277.00, 5789.00, -2.06, 1.32, 0.63, -3756.00, 274.00, -2072.00
22898, 0.04, 0.01, 122, 3283, -16476.00, 1684.00, 2580.00, -0.17, 0.11, 0.27, 2080.00, 1698.00, 4913.00, 14733.00, -5198.00, 5709.00, -1.29, -0.27, -0.49, -3788.00, 274.00, -2067.00
22937, 0.04, 0.04, 122, 3283, -16465.00, 1699.00, 2601.00, -0.16, 0.14, 0.25, 2064.00, 1688.00, 4901.00, 14650.00, -5257.00, 5805.00, -1.61, 0.96, 1.92, -3794.00, 272.00, -2004.00
22974, 0.01, 0.05, 120, 3146, -16516.00, 1708.00, 2604.00, -0.16, 0.11, 0.27, 2074.00, 1706.00, 4920.00, 14669.00, -5143.00, 5724.00, -1.63, 1.75, 0.89, -3766.00, 280.00, -2071.00
23013, -0.06, -0.01, 120, 3146, -16442.00, 1712.00, 2570.00, -0.12, 0.13, 0.25, 2032.00, 1668.00, 4954.00, 14581.00, -5163.00, 5720.00, -0.88, -0.72, -0.59, -3738.00, 290.00, -2079.00
23055, 0.10, -0.01, 120, 3146, -16473.00, 1714.00, 2614.00, -0.15, 0.10, 0.25, 2116.00, 1692.00, 4908.00, 14532.00, -5198.00, 5696.00, -0.69, 0.25, 0.00, -3718.00, 266.00, -2047.00
23088, 0.01, -0.01, 120, 3165, -16453.00, 1700.00, 2614.00, -0.18, 0.09, 0.26, 2054.00, 1676.00, 4911.00, 14752.00, -5116.00, 5689.00, -1.03, -1.28, 0.08, -3744.00, 326.00, -2030.00
23128, 0.02, -0.06, 120, 3165, -16457.00, 1724.00, 2622.00, -0.14, 0.10, 0.22, 2070.00, 1700.00, 4938.00, 15537.00, -4629.00, 5485.00, -2.48, -0.07, 1.46, -3790.00, 294.00, -2033.00
23164, -0.02, 0.00, 125, 1420, -16477.00, 1719.00, 2572.00, -0.11, 0.08, 0.25, 2094.00, 1668.00, 4943.00, 15734.00, -4373.00, 5465.00, -7.83, 7.61, 9.37, -3750.00, 312.00, -2049.00
23204, 0.05, 0.03, 125, 1420, -16469.00, 1697.00, 2577.00, -0.14, 0.07, 0.24, 2050.00, 1678.00, 4937.00, 16481.00, -4040.00, 6105.00, -18.53, 16.24, 23.07, -3736.00, 364.00, -2046.00
23245, -0.01, 0.01, 120, 1420, -16455.00, 1717.00, 2621.00, -0.14, 0.08, 0.23, 2096.00, 1668.00, 4958.00, 15560.00, -4619.00, 5504.00, -26.95, 27.67, 31.54, -3680.00, 498.00, -2158.00
23278, 0.03, 0.02, 120, 768, -16446.00, 1694.00, 2594.00, -0.13, 0.09, 0.25, 2092.00, 1662.00, 4935.00, 14464.00, -5557.00, 6465.00, -37.32, 33.96, 39.28, -3650.00, 638.00, -2195.00
23317, 0.03, 0.05, 120, 768, -16459.00, 1718.00, 2583.00, -0.16, 0.07, 0.25, 2066.00, 1624.00, 4943.00, 13397.00, -6294.00, 6794.00, -40.62, 35.24, 33.04, -3572.00, 776.00, -2294.00
23354, 0.01, 0.07, 122, 2204, -16474.00, 1721.00, 2592.00, -0.16, 0.11, 0.25, 2092.00, 1680.00, 4931.00, 13563.00, -6663.00, 6695.00, -40.52, 34.52, 33.53, -3520.00, 914.00, -2316.00
23391, 0.01, 0.10, 122, 2204, -16472.00, 1714.00, 2576.00, -0.18, 0.09, 0.21, 2068.00, 1674.00, 4960.00, 12426.00, -7700.00, 6303.00, -39.81, 33.13, 21.98, -3408.00, 1054.00, -2376.00
23432, -0.02, -0.02, 120, 2204, -16472.00, 1729.00, 2597.00, -0.08, 0.08, 0.26, 2064.00, 1720.00, 4924.00, 12429.00, -7760.00, 7180.00, -41.92, 27.35, 12.58, -3380.00, 1238.00, -2377.00
23465, 0.04, 0.15, 120, 1348, -16479.00, 1707.00, 2578.00, -0.08, 0.08, 0.25, 2054.00, 1692.00, 4919.00, 12358.00, -8895.00, 6632.00, -41.27, 26.63, 6.89, -3314.00, 1290.00, -2397.00
23503, 0.06, -0.03, 120, 1348, -16454.00, 1736.00, 2575.00, -0.12, 0.08, 0.29, 2026.00, 1714.00, 4951.00, 12684.00, -8437.00, 6636.00, -38.46, 24.39, 10.37, -3260.00, 1410.00, -2486.00
23540, -0.01, 0.02, 121, 2536, -16454.00, 1692.00, 2582.00, -0.11, 0.08, 0.25, 2062.00, 1702.00, 4936.00, 12119.00, -9140.00, 6570.00, -35.92, 19.07, 7.86, -3282.00, 1478.00, -2431.00
23579, 0.01, 0.02, 121, 2536, -16459.00, 1701.00, 2587.00, -0.14, 0.09, 0.21, 2096.00, 1668.00, 4929.00, 12506.00, -9785.00, 6676.00, -31.41, 19.46, 7.11, -3220.00, 1584.00, -2493.00
23621, -0.03, -0.00, 122, 2536, -16457.00, 1695.00, 2625.00, -0.15, 0.11, 0.23, 2060.00, 1680.00, 4928.00, 11666.00, -11295.00, 6509.00, -15.73, 16.36, 28.98, -3174.00, 1654.00, -2466.00
23655, -0.04, 0.06, 122, 1396, -16488.00, 1685.00, 2582.00, -0.14, 0.11, 0.22, 2032.00, 1682.00, 4898.00, 11720.00, -10987.00, 6733.00, -2.58, 15.76, 0.00, -3162.00, 1718.00, -2497.00
23694, 0.01, 0.01, 122, 1396, -16453.00, 1720.00, 2601.00, -0.11, 0.03, 0.26, 2018.00, 1680.00, 4921.00, 11635.00, -10577.00, 6810.00, 12.49, 11.27, 4.76, -3080.00, 1666.00, -2522.00
23730, -0.00, -0.04, 123, 1448, -16467.00, 1677.00, 2574.00, -0.17, 0.06, 0.20, 2070.00, 1714.00, 4978.00, 11682.00, -9942.00, 7037.00, 22.06, 10.50, 5.68, -3016.00, 1598.00, -2618.00
23770, 0.09, -0.04, 123, 1448, -16458.00, 1730.00, 2615.00, -0.14, 0.06, 0.21, 2054.00, 1684.00, 4947.00, 11225.00, -9545.00, 6472.00, 30.91, 4.20, -1.24, -3042.00, 1562.00, -2617.00
23813, 0.06, 0.01, 120, 2234, -16465.00, 1705.00, 2639.00, -0.17, 0.11, 0.23, 2032.00, 1706.00, 4900.00, 12329.00, -8451.00, 6745.00, 32.89, -2.10, 4.51, -3066.00, 1524.00, -2665.00
23849, -0.00, 0.05, 120, 2234, -16472.00, 1743.00, 2609.00, -0.21, 0.09, 0.22, 2024.00, 1714.00, 4937.00, 12274.00, -8261.00, 7323.00, 27.51, 7.07, 15.30, -3090.00, 1466.00, -2694.00
23886, 0.06, 0.02, 120, 2234, -16452.00, 1721.00, 2638.00, -0.16, 0.08, 0.22, 2004.00, 1702.00, 4920.00, 12406.00, -7998.00, 7970.00, 21.39, 5.16, 22.25, -2990.00, 1466.00, -2665.00
23923, 0.05, 0.01, 122, 2032, -16488.00, 1734.00, 2597.00, -0.11, 0.07, 0.25, 1990.00, 1684.00, 4913.00, 12055.00, -8265.00, 8327.00, 13.23, 9.26, 19.51, -2978.00, 1404.00, -2758.00
23961, 0.00, 0.09, 122, 2032, -16478.00, 1719.00, 2591.00, -0.14, 0.05, 0.25, 2084.00, 1700.00, 4891.00, 11884.00, -7938.00, 8439.00, 7.79, 16.69, 12.35, -2910.00, 1496.00, -2781.00
23994, -0.07, -0.03, 122, 2032, -16445.00, 1720.00, 2589.00, -0.14, 0.07, 0.26, 1980.00, 1674.00, 4922.00, 11359.00, -8389.00, 8924.00, 3.21, 12.85, 14.25, -2932.00, 1482.00, -2818.00
24028, 0.05, 0.16, 122, 2546, -16477.00, 1701.00, 2606.00, -0.16, 0.07, 0.27, 2052.00, 1694.00, 4954.00, 11066.00, -8388.00, 8849.00, -0.46, 13.76, 8.57, -2902.00, 1522.00, -2838.00
24067, 0.05, 0.00, 122, 2546, -16446.00, 1695.00, 2590.00, -0.13, 0.08, 0.25, 2092.00, 1702.00, 4929.00, 10753.00, -8588.00, 8457.00, -3.06, 12.88, 8.02, -2862.00, 1564.00, -2833.00
24103, -0.06, -0.05, 122, 2544, -16456.00, 1726.00, 2622.00, -0.14, 0.07, 0.25, 2078.00, 1662.00, 4915.00, 10592.00, -8958.00, 8162.00, -5.77, 9.03, 2.52, -2810.00, 1590.00, -2895.00
24141, 0.06, 0.04, 122, 2544, -16484.00, 1711.00, 2559.00, -0.11, 0.07, 0.26, 2008.00, 1706.00, 4939.00, 10772.00, -8848.00, 8636.00, -5.91, 7.83, 3.53, -2796.00, 1530.00, -2827.00
24187, 0.01, -0.09, 120, 1409, -16480.00, 1706.00, 2546.00, -0.12, 0.10, 0.20, 2044.00, 1732.00, 4934.00, 10334.00, -9724.00, 9309.00, -6.26, 4.03, -0.25, -2776.00, 1608.00, -2830.00
24224, -0.01, 0.00, 120, 1409, -16456.00, 1695.00, 2584.00, -0.18, 0.10, 0.26, 2044.00, 1726.00, 4928.00, 10712.00, -9336.00, 9070.00, -2.40, -0.93, -7.79, -2826.00, 1612.00, -2911.00
24263, 0.03, -0.01, 120, 1409, -16451.00, 1722.00, 2617.00, -0.14, 0.07, 0.24, 2058.00, 1688.00, 4930.00, 10632.00, -9400.00, 9246.00, -2.56, -1.18, -6.52, -2802.00, 1560.00, -2888.00
24300, -0.01, -0.00, 124, 1122, -16481.00, 1726.00, 2581.00, -0.14, 0.14, 0.25, 2112.00, 1686.00, 4934.00, 10566.00, -9549.00, 8827.00, -1.65, -4.79, -8.46, -2838.00, 1568.00, -2842.00
24336, 0.00, 0.06, 124, 1122, -16461.00, 1711.00, 2595.00, -0.14, 0.10, 0.19, 2030.00, 1698.00, 4933.00, 10296.00, -9839.00, 9467.00, 0.88, -11.77, -11.83, -2840.00, 1566.00, -2854.00
24369, -0.02, -0.05, 124, 1122, -16450.00, 1707.00, 2629.00, -0.17, 0.09, 0.24, 2040.00, 1726.00, 4865.00, 10812.00, -9297.00, 9098.00, 3.75, -14.45, -14.30, -2862.00, 1536.00, -2809.00
24412, 0.05, -0.01, 124, 1602, -16458.00, 1733.00, 2582.00, -0.17, 0.10, 0.25, 2092.00, 1726.00, 4944.00, 11313.00, -9055.00, 9096.00, 6.81, -20.74, -8.65, -2932.00, 1458.00, -2740.00
24446, -0.06, 0.00, 124, 1602, -16458.00, 1693.00, 2600.00, -0.11, 0.07, 0.25, 2086.00, 1686.00, 4905.00, 11640.00, -8681.00, 8556.00, 9.15, -19.86, -11.32, -2968.00, 1446.00, -2772.00
24483, -0.05, 0.02, 122, 718, -16454.00, 1708.00, 2611.00, -0.11, 0.09, 0.27, 2010.00, 1654.00, 4919.00, 12156.00, -8342.00, 8388.00, 7.32, -19.30, -11.50, -3030.00, 1414.00, -2738.00
24523, 0.06, 0.05, 122, 718, -16469.00, 1716.00, 2584.00, -0.16, 0.11, 0.23, 2026.00, 1650.00, 4925.00, 12728.00, -7898.00, 8294.00, 5.86, -14.99, -8.78, -3072.00, 1374.00, -2702.00
24565, 0.02, -0.10, 122, 1616, -16484.00, 1714.00, 2597.00, -0.15, 0.11, 0.26, 2036.00, 1726.00, 4851.00, 12906.00, -8265.00, 8669.00, -0.23, -8.57, -1.36, -3040.00, 1318.00, -2628.00
24603, -0.07, -0.01, 122, 1616, -16485.00, 1732.00, 2526.00, -0.17, 0.08, 0.27, 2030.00, 1696.00, 4880.00, 12938.00, -8396.00, 8726.00, -2.19, -2.71, 2.99, -3036.00, 1334.00, -2641.00
24641, -0.06, -0.06, 122, 1616, -16447.00, 1689.00, 2617.00, -0.10, 0.05, 0.22, 1998.00, 1682.00, 4920.00, 12625.00, -8766.00, 8295.00, -2.97, 3.00, 4.21, -3076.00, 1322.00, -2656.00
24677, -0.03, -0.04, 124, 4591, -16472.00, 1708.00, 2603.00, -0.16, 0.09, 0.25, 2058.00, 1686.00, 4887.00, 12273.00, -8703.00, 7726.00, -1.60, 5.46, 3.01, -3080.00, 1300.00, -2626.00
24715, -0.06, 0.01, 124, 4591, -16466.00, 1707.00, 2605.00, -0.11, 0.07, 0.23, 2086.00, 1716.00, 4931.00, 11911.00, -8689.00, 7185.00, 2.17, 6.78, 4.59, -3042.00, 1324.00, -2603.00
24751, -0.06, -0.11, 122, 3075, -16466.00, 1702.00, 2600.00, -0.14, 0.08, 0.25, 2058.00, 1720.00, 4863.00, 11533.00, -8794.00, 7080.00, 3.96, 6.11, 2.83, -3022.00, 1308.00, -2597.00
24788, 0.03, 0.05, 122, 3075, -16474.00, 1724.00, 2565.00, -0.11, 0.08, 0.25, 2038.00, 1716.00, 4909.00, 11691.00, -8208.00, 6906.00, 4.50, 2.92, 0.28, -3046.00, 1312.00, -2590.00
24825, -0.03, 0.00, 122, 3075, -16439.00, 1732.00, 2596.00, -0.11, 0.09, 0.24, 2042.00, 1662.00, 4872.00, 11467.00, -8328.00, 6497.00, 2.97, 2.12, 2.48, -3050.00, 1266.00, -2606.00
24862, -0.00, -0.08, 120, 2195, -16471.00, 1712.00, 2572.00, -0.17, 0.11, 0.22, 2066.00, 1692.00, 4862.00, 11664.00, -7965.00, 7041.00, 1.65, 0.90, -3.67, -3026.00, 1232.00, -2646.00
24899, 0.05, 0.06, 120, 2195, -16459.00, 1673.00, 2566.00, -0.15, 0.06, 0.22, 2096.00, 1710.00, 4896.00, 11813.00, -7664.00, 6070.00, 0.91, -1.93, -4.79, -3020.00, 1272.00, -2653.00
24935, 0.03, -0.09, 125, 3997, -16472.00, 1727.00, 2608.00, -0.14, 0.10, 0.23, 2062.00, 1688.00, 4892.00, 11726.00, -8087.00, 6833.00, -2.72, 0.72, 3.84, -2950.00, 1272.00, -2680.00
24973, 0.01, 0.09, 125, 3997, -16462.00, 1709.00, 2555.00, -0.14, 0.07, 0.22, 2068.00, 1642.00, 4874.00, 11681.00, -8584.00, 8315.00, -5.05, -0.73, 4.78, -3036.00, 1288.00, -2629.00
25012, -0.04, 0.04, 125, 3997, -16457.00, 1716.00, 2617.00, -0.15, 0.05, 0.25, 2082.00, 1682.00, 4908.00, 11879.00, -9138.00, 8525.00, -3.19, -1.86, -4.70, -2958.00, 1302.00, -2692.00
25048, -0.06, 0.01, 122, 3218, -16507.00, 1692.00, 2598.00, -0.17, 0.09, 0.23, 2036.00, 1678.00, 4887.00, 12205.00, -8893.00, 8258.00, -0.64, -4.19, -3.96, -2982.00, 1286.00, -2716.00
25086, -0.00, 0.09, 122, 3218, -16442.00, 1708.00, 2592.00, -0.12, 0.07, 0.22, 2058.00, 1680.00, 4887.00, 12420.00, -8462.00, 7921.00, -0.53, -2.42, 2.48, -3062.00, 1312.00, -2654.00
25122, 0.04, -0.04, 121, 1043, -16451.00, 1699.00, 2607.00, -0.14, 0.08, 0.23, 2088.00, 1698.00, 4876.00, 12043.00, -8354.00, 7655.00, -2.92, -0.68, 4.26, -3046.00, 1288.00, -2662.00
25162, 0.03, 0.07, 121, 1043, -16495.00, 1715.00, 2535.00, -0.16, 0.06, 0.25, 2054.00, 1700.00, 4840.00, 12080.00, -8179.00, 7782.00, -4.73, 0.15, -0.37, -3082.00, 1386.00, -2696.00
25202, -0.02, 0.09, 121, 1043, -16450.00, 1667.00, 2608.00, -0.15, 0.10, 0.24, 2038.00, 1658.00, 4905.00, 12159.00, -8275.00, 8004.00, -4.07, 5.46, 4.31, -3014.00, 1372.00, -2736.00
25238, -0.01, 0.00, 122, 2885, -16473.00, 1724.00, 2558.00, -0.17, 0.11, 0.25, 2014.00, 1640.00, 4855.00, 11714.00, -8556.00, 8170.00, -6.46, 3.86, 2.19, -3050.00, 1404.00, -2740.00
25275, -0.02, 0.07, 122, 2885, -16459.00, 1697.00, 2595.00, -0.12, 0.07, 0.21, 2014.00, 1704.00, 4877.00, 11897.00, -8655.00, 8483.00, -9.11, 5.93, 2.65, -2972.00, 1418.00, -2747.00
25311, -0.02, -0.02, 119, 1373, -16451.00, 1708.00, 2635.00, -0.14, 0.07, 0.27, 2072.00, 1668.00, 4891.00, 11786.00, -9017.00, 8650.00, -9.48, 5.42, 3.36, -2928.00, 1478.00, -2743.00
25351, 0.04, 0.04, 119, 1373, -16473.00, 1713.00, 2604.00, -0.17, 0.11, 0.25, 2086.00, 1712.00, 4955.00, 11567.00, -9089.00, 8866.00, -6.75, 3.89, 7.59, -2954.00, 1566.00, -2695.00
25391, -0.03, 0.05, 119, 1373, -16461.00, 1720.00, 2584.00, -0.14, 0.07, 0.23, 2088.00, 1678.00, 4870.00, 11376.00, -9431.00, 8385.00, -6.21, 1.03, 1.40, -2962.00, 1536.00, -2734.00
25426, -0.05, -0.00, 122, 1788, -16469.00, 1743.00, 2565.00, -0.13, 0.08, 0.21, 2062.00, 1692.00, 4908.00, 11363.00, -9073.00, 7906.00, -3.43, -1.46, -0.74, -2994.00, 1610.00, -2778.00
25460, 0.01, 0.01, 122, 1788, -16458.00, 1691.00, 2617.00, -0.11, 0.07, 0.18, 2086.00, 1656.00, 4865.00, 11558.00, -8882.00, 7986.00, -2.23, -1.89, -3.94, -2984.00, 1648.00, -2784.00
25496, 0.01, -0.04, 123, 964, -16477.00, 1751.00, 2587.00, -0.11, 0.12, 0.28, 2094.00, 1654.00, 4888.00, 11622.00, -8970.00, 8114.00, -2.27, -3.30, 0.66, -2942.00, 1628.00, -2837.00
25536, 0.00, 0.09, 123, 964, -16492.00, 1744.00, 2590.00, -0.11, 0.12, 0.23, 2122.00, 1656.00, 4871.00, 11556.00, -9210.00, 8105.00, -1.23, -5.63, -4.20, -2990.00, 1618.00, -2779.00
25574, 0.01, 0.04, 123, 964, -16468.00, 1731.00, 2610.00, -0.15, 0.10, 0.26, 2074.00, 1658.00, 4921.00, 11774.00, -8811.00, 8239.00, -0.02, -7.95, -2.51, -3052.00, 1598.00, -2743.00
25611, -0.01, 0.04, 124, 2426, -16450.00, 1714.00, 2601.00, -0.13, 0.11, 0.25, 2056.00, 1644.00, 4892.00, 12127.00, -8769.00, 8405.00, 0.12, -7.23, -0.06, -3012.00, 1630.00, -2704.00
25649, -0.03, 0.09, 124, 2426, -16473.00, 1702.00, 2578.00, -0.12, 0.10, 0.25, 2116.00, 1676.00, 4919.00, 12116.00, -8868.00, 8214.00, 0.22, -5.65, 0.43, -3106.00, 1594.00, -2775.00
25694, -0.02, -0.06, 120, 2048, -16465.00, 1739.00, 2582.00, -0.13, 0.14, 0.25, 2094.00, 1662.00, 4938.00, 12243.00, -8713.00, 7928.00, -0.44, -4.92, 1.11, -3102.00, 1624.00, -2760.00
25731, -0.04, 0.05, 120, 2048, -16455.00, 1698.00, 2579.00, -0.15, 0.08, 0.25, 2108.00, 1678.00, 4909.00, 11983.00, -9055.00, 8055.00, -2.65, -1.11, 5.51, -3086.00, 1654.00, -2688.00
25768, -0.04, -0.03, 120, 2048, -16448.00, 1730.00, 2616.00, -0.14, 0.07, 0.24, 2140.00, 1674.00, 4905.00, 11997.00, -9105.00, 8361.00, 0.31, -1.90, 2.19, -3098.00, 1640.00, -2673.00
25805, 0.02, -0.01, 120, 1715, -16448.00, 1690.00, 2608.00, -0.15, 0.09, 0.20, 2120.00, 1682.00, 4949.00, 11937.00, -9054.00, 8116.00, 2.32, -1.44, 1.14, -3096.00, 1654.00, -2711.00
25844, -0.03, 0.07, 120, 1715, -16453.00, 1728.00, 2592.00, -0.13, 0.07, 0.26, 2084.00, 1642.00, 4924.00, 12087.00, -8868.00, 8505.00, 2.82, -0.44, 3.37, -3078.00, 1688.00, -2705.00
25880, -0.03, -0.03, 120, 1503, -16458.00, 1702.00, 2615.00, -0.15, 0.10, 0.23, 2108.00, 1678.00, 4882.00, 11962.00, -9000.00, 8491.00, 1.97, 0.31, 1.64, -3050.00, 1570.00, -2696.00
25919, 0.06, 0.05, 120, 1503, -16468.00, 1711.00, 2598.00, -0.09, 0.08, 0.28, 2124.00, 1620.00, 4880.00, 11874.00, -8843.00, 8508.00, 3.16, 0.51, -0.09, -3052.00, 1618.00, -2708.00
25956, 0.02, -0.03, 120, 1503, -16449.00, 1670.00, 2562.00, -0.16, 0.11, 0.22, 2074.00, 1634.00, 4935.00, 11806.00, -8662.00, 8336.00, 2.29, 1.13, -1.40, -3118.00, 1592.00, -2718.00
25993, -0.03, 0.00, 122, 1718, -16444.00, 1707.00, 2613.00, -0.14, 0.07, 0.21, 2094.00, 1674.00, 4881.00, 11848.00, -8563.00, 8177.00, 0.34, 0.22, -1.26, -3100.00, 1550.00, -2707.00
26031, 0.05, 0.02, 122, 1718, -16474.00, 1697.00, 2567.00, -0.11, 0.04, 0.22, 2122.00, 1672.00, 4881.00, 12039.00, -8388.00, 8010.00, -0.29, 1.07, -1.50, -3048.00, 1558.00, -2760.00
26064, -0.01, -0.09, 119, 2146, -16485.00, 1702.00, 2577.00, -0.15, 0.08, 0.23, 2108.00, 1664.00, 4843.00, 12065.00, -8595.00, 8037.00, -1.64, 1.76, 1.05, -3100.00, 1550.00, -2750.00
26102, 0.04, 0.03, 119, 2146, -16473.00, 1711.00, 2615.00, -0.09, 0.07, 0.25, 2100.00, 1672.00, 4859.00, 12048.00, -8969.00, 8190.00, -3.68, 4.66, 0.50, -3108.00, 1532.00, -2731.00
26139, -0.05, -0.04, 119, 2146, -16480.00, 1687.00, 2575.00, -0.14, 0.11, 0.21, 2148.00, 1704.00, 4870.00, 12076.00, -9145.00, 8457.00, -2.06, 4.67, -2.09, -3102.00, 1530.00, -2716.00
26176, -0.06, 0.07, 119, 4268, -16460.00, 1703.00, 2590.00, -0.16, 0.09, 0.20, 2054.00, 1710.00, 4856.00, 11838.00, -9119.00, 8209.00, -1.41, 6.23, -3.05, -3056.00, 1524.00, -2722.00
26216, 0.08, 0.08, 119, 4268, -16480.00, 1709.00, 2582.00, -0.09, 0.05, 0.25, 2022.00, 1682.00, 4928.00, 11861.00, -8988.00, 7848.00, -0.39, 6.10, -1.24, -3046.00, 1456.00, -2714.00
26252, -0.02, 0.02, 123, 4469, -16454.00, 1686.00, 2587.00, -0.14, 0.08, 0.25, 2062.00, 1696.00, 4901.00, 11688.00, -9051.00, 7849.00, 0.96, 6.15, -1.42, -3038.00, 1480.00, -2725.00
26292, -0.07, 0.02, 123, 4469, -16448.00, 1691.00, 2603.00, -0.16, 0.03, 0.25, 2104.00, 1730.00, 4873.00, 11685.00, -8825.00, 7604.00, 2.49, 4.17, -0.95, -2990.00, 1428.00, -2734.00
26330, -0.02, 0.01, 123, 4469, -16494.00, 1725.00, 2549.00, -0.10, 0.05, 0.24, 2094.00, 1684.00, 4865.00, 11578.00, -8842.00, 7417.00, 4.62, 3.79, -2.12, -2976.00, 1374.00, -2723.00
26365, 0.05, 0.06, 124, 791, -16456.00, 1737.00, 2626.00, -0.16, 0.06, 0.28, 2072.00, 1630.00, 4891.00, 11386.00, -8745.00, 7179.00, 6.51, 1.53, -2.56, -2946.00, 1418.00, -2738.00
26404, -0.02, -0.03, 124, 791, -16445.00, 1696.00, 2631.00, -0.15, 0.04, 0.26, 2056.00, 1660.00, 4884.00, 11573.00, -8547.00, 7487.00, 5.66, -0.48, 1.24, -2984.00, 1328.00, -2707.00
26441, -0.04, 0.06, 122, 3538, -16479.00, 1734.00, 2577.00, -0.13, 0.08, 0.27, 2084.00, 1696.00, 4902.00, 11522.00, -8494.00, 7592.00, 6.48, -0.89, -0.04, -2988.00, 1326.00, -2751.00
26479, 0.01, 0.03, 122, 3538, -16492.00, 1727.00, 2575.00, -0.16, 0.09, 0.25, 2012.00, 1690.00, 4847.00, 11776.00, -8198.00, 7903.00, 5.08, -3.48, 0.68, -2954.00, 1340.00, -2748.00
26517, -0.06, 0.12, 122, 3538, -16490.00, 1718.00, 2537.00, -0.15, 0.03, 0.31, 2112.00, 1656.00, 4861.00, 11879.00, -8013.00, 7596.00, 3.94, -2.41, 0.84, -2994.00, 1312.00, -2711.00
26554, 0.05, 0.04, 124, 2390, -16479.00, 1717.00, 2623.00, -0.14, 0.05, 0.23, 2032.00, 1664.00, 4870.00, 11854.00, -8282.00, 7993.00, 1.87, -1.37, 0.47, -3006.00, 1276.00, -2674.00
26590, 0.02, 0.05, 124, 2390, -16467.00, 1701.00, 2624.00, -0.14, 0.09, 0.26, 2070.00, 1676.00, 4877.00, 12000.00, -8096.00, 7349.00, 0.46, -2.49, -6.41, -3006.00, 1292.00, -2697.00
26627, -0.04, -0.02, 120, 4294, -16488.00, 1718.00, 2557.00, -0.16, 0.09, 0.28, 2094.00, 1690.00, 4861.00, 12212.00, -7968.00, 7287.00, -0.37, -0.07, 4.13, -2958.00, 1262.00, -2710.00
26664, 0.03, 0.07, 120, 4294, -16451.00, 1693.00, 2562.00, -0.14, 0.07, 0.25, 2084.00, 1686.00, 4833.00, 11771.00, -8302.00, 7971.00, -1.88, 0.07, 3.82, -3012.00, 1272.00, -2721.00
26703, -0.04, -0.02, 120, 4294, -16470.00, 1687.00, 2577.00, -0.16, 0.07, 0.25, 2060.00, 1642.00, 4876.00, 12026.00, -8454.00, 8256.00, -4.23, -0.25, 0.55, -3014.00, 1358.00, -2741.00
26739, -0.04, 0.01, 124, 2709, -16459.00, 1679.00, 2634.00, -0.12, 0.08, 0.27, 2020.00, 1660.00, 4870.00, 11905.00, -8528.00, 7993.00, -4.22, 0.25, 2.31, -2972.00, 1296.00, -2700.00
26779, 0.15, -0.00, 124, 2709, -16448.00, 1702.00, 2600.00, -0.15, 0.10, 0.26, 2050.00, 1758.00, 4858.00, 11966.00, -8526.00, 7855.00, -2.17, 0.74, 3.65, -3004.00, 1352.00, -2708.00
26816, -0.01, 0.03, 119, 2815, -16462.00, 1698.00, 2538.00, -0.13, 0.06, 0.29, 2036.00, 1684.00, 4897.00, 11774.00, -8703.00, 7873.00, -2.67, 0.77, 5.00, -2910.00, 1364.00, -2724.00
26850, 0.01, 0.04, 119, 2815, -16467.00, 1725.00, 2608.00, -0.17, 0.09, 0.23, 2084.00, 1668.00, 4878.00, 11847.00, -9001.00, 8134.00, -4.13, 1.40, 2.88, -2982.00, 1392.00, -2721.00
26887, -0.02, 0.02, 119, 2815, -16466.00, 1734.00, 2614.00, -0.19, 0.11, 0.23, 2038.00, 1684.00, 4847.00, 11774.00, -8732.00, 7913.00, -1.40, -0.60, -3.13, -2970.00, 1434.00, -2733.00
26924, 0.03, 0.05, 124, 787, -16439.00, 1732.00, 2622.00, -0.12, 0.08, 0.25, 2018.00, 1690.00, 4881.00, 11888.00, -8252.00, 8384.00, -4.70, -0.79, 4.44, -3004.00, 1392.00, -2701.00
26960, 0.06, 0.09, 124, 787, -16500.00, 1680.00, 2593.00, -0.17, 0.11, 0.19, 2102.00, 1674.00, 4916.00, 11702.00, -8562.00, 8306.00, -7.09, 2.17, 4.70, -2992.00, 1454.00, -2773.00
27005, -0.01, -0.02, 121, 2463, -16456.00, 1701.00, 2568.00, -0.14, 0.09, 0.21, 2072.00, 1720.00, 4920.00, 11652.00, -8659.00, 8437.00, -5.89, 0.72, 1.59, -2972.00, 1454.00, -2771.00
27044, 0.05, 0.05, 121, 2463, -16472.00, 1730.00, 2604.00, -0.11, 0.11, 0.27, 2082.00, 1628.00, 4896.00, 11482.00, -8874.00, 7989.00, -5.39, 0.99, 3.21, -3000.00, 1516.00, -2768.00
27084, 0.04, -0.05, 121, 699, -16458.00, 1693.00, 2593.00, -0.14, 0.08, 0.23, 2014.00, 1690.00, 4904.00, 11695.00, -9092.00, 8455.00, -7.09, 0.78, 4.22, -2952.00, 1522.00, -2779.00
27117, 0.02, 0.11, 121, 699, -16453.00, 1692.00, 2605.00, -0.10, 0.05, 0.25, 2046.00, 1678.00, 4903.00, 11539.00, -9233.00, 8187.00, -3.17, -1.15, 1.28, -2974.00, 1578.00, -2763.00
27155, 0.02, 0.02, 121, 699, -16453.00, 1723.00, 2585.00, -0.08, 0.04, 0.25, 2046.00, 1676.00, 4942.00, 11559.00, -9116.00, 8050.00, -1.47, -1.11, 1.24, -2970.00, 1612.00, -2766.00
27192, -0.01, -0.04, 123, 3460, -16460.00, 1754.00, 2583.00, -0.12, 0.07, 0.23, 2008.00, 1712.00, 4947.00, 11629.00, -8842.00, 8217.00, -1.35, -3.19, 0.35, -2964.00, 1616.00, -2831.00
27231, 0.00, 0.03, 123, 3460, -16495.00, 1720.00, 2582.00, -0.09, 0.06, 0.29, 2018.00, 1742.00, 4850.00, 11562.00, -9035.00, 8203.00, -1.91, -3.21, 0.15, -3036.00, 1612.00, -2851.00
27273, -0.06, 0.01, 123, 2093, -16481.00, 1701.00, 2620.00, -0.17, 0.09, 0.25, 2098.00, 1688.00, 4897.00, 11722.00, -8921.00, 7841.00, -1.88, -4.41, -3.01, -2974.00, 1652.00, -2784.00
27307, -0.03, 0.07, 122, 2093, -16458.00, 1717.00, 2598.00, -0.14, 0.08, 0.25, 2084.00, 1720.00, 4925.00, 11956.00, -8860.00, 8150.00, -2.33, -5.35, -1.37, -2968.00, 1628.00, -2817.00
27344, -0.04, 0.01, 122, 2093, -16485.00, 1734.00, 2592.00, -0.18, 0.10, 0.27, 2082.00, 1686.00, 4909.00, 11707.00, -8911.00, 7805.00, -2.94, -4.61, -1.01, -3016.00, 1644.00, -2782.00
27381, 0.00, -0.11, 121, 2895, -16458.00, 1700.00, 2592.00, -0.18, 0.07, 0.21, 2074.00, 1664.00, 4886.00, 12005.00, -8784.00, 7605.00, -1.92, -4.53, -3.36, -3040.00, 1682.00, -2742.00
27421, 0.02, 0.08, 121, 2895, -16468.00, 1727.00, 2593.00, -0.12, 0.08, 0.25, 2114.00, 1720.00, 4914.00, 11880.00, -9246.00, 8475.00, -4.10, -3.47, 1.44, -3056.00, 1688.00, -2795.00
27467, 0.01, -0.04, 122, 1612, -16460.00, 1713.00, 2601.00, -0.14, 0.06, 0.28, 2120.00, 1740.00, 4934.00, 11891.00, -9082.00, 8136.00, -0.55, -3.28, -2.12, -3114.00, 1722.00, -2831.00
27507, 0.02, 0.06, 122, 1612, -16444.00, 1689.00, 2619.00, -0.12, 0.06, 0.24, 2078.00, 1676.00, 4951.00, 12020.00, -9038.00, 8120.00, 0.52, -3.84, -1.58, -3094.00, 1712.00, -2753.00
27550, -0.04, -0.02, 122, 1161, -16448.00, 1691.00, 2559.00, -0.12, 0.05, 0.22, 2072.00, 1680.00, 4928.00, 12052.00, -8979.00, 8163.00, 1.47, -3.10, -0.59, -3086.00, 1726.00, -2810.00
27583, -0.03, -0.03, 121, 1161, -16426.00, 1711.00, 2618.00, -0.12, 0.05, 0.22, 2080.00, 1672.00, 4914.00, 12058.00, -8827.00, 8637.00, 1.97, -2.73, 1.47, -3118.00, 1696.00, -2755.00
27623, 0.03, 0.00, 121, 1161, -16466.00, 1701.00, 2603.00, -0.15, 0.09, 0.28, 2012.00, 1662.00, 4977.00, 11965.00, -8824.00, 8235.00, 2.29, -1.86, 2.25, -3080.00, 1714.00, -2775.00
27660, -0.02, 0.02, 121, 748, -16464.00, 1712.00, 2626.00, -0.09, 0.05, 0.28, 2080.00, 1690.00, 4927.00, 11944.00, -8845.00, 8566.00, 1.67, -1.81, 3.62, -3032.00, 1726.00, -2800.00
27698, -0.03, 0.03, 121, 748, -16482.00, 1693.00, 2568.00, -0.17, 0.11, 0.21, 2094.00, 1706.00, 4894.00, 12038.00, -8833.00, 8598.00, 2.25, -0.21, 2.50, -3048.00, 1730.00, -2800.00
27740, -0.01, -0.07, 121, 3154, -16458.00, 1692.00, 2571.00, -0.14, 0.07, 0.23, 2048.00, 1728.00, 4899.00, 12014.00, -8876.00, 8218.00, 1.92, -0.73, 1.51, -3032.00, 1694.00, -2764.00
27783, 0.11, -0.01, 121, 3154, -16472.00, 1711.00, 2569.00, -0.13, 0.07, 0.24, 2108.00, 1720.00, 4910.00, 12138.00, -8859.00, 8277.00, 1.23, 1.82, 2.31, -3100.00, 1670.00, -2725.00
27822, -0.01, -0.00, 121, 3154, -16478.00, 1732.00, 2568.00, -0.12, 0.08, 0.25, 2088.00, 1696.00, 4936.00, 12251.00, -8982.00, 8534.00, 1.26, 4.70, 2.66, -3082.00, 1630.00, -2713.00
27858, -0.02, 0.00, 121, 1821, -16444.00, 1729.00, 2600.00, -0.12, 0.06, 0.24, 2066.00, 1672.00, 4915.00, 12236.00, -8998.00, 8901.00, 2.49, 6.09, -1.75, -3040.00, 1602.00, -2737.00
27895, 0.02, -0.01, 121, 1821, -16475.00, 1703.00, 2600.00, -0.14, 0.06, 0.27, 2052.00, 1704.00, 4915.00, 12240.00, -8631.00, 8584.00, 2.13, 7.74, -4.69, -3004.00, 1602.00, -2730.00
27940, 0.02, 0.02, 123, 1770, -16482.00, 1689.00, 2595.00, -0.16, 0.10, 0.29, 2140.00, 1672.00, 4973.00, 12122.00, -8957.00, 8653.00, 0.67, 9.84, -2.92, -3024.00, 1560.00, -2800.00
27978, 0.03, 0.02, 123, 1770, -16429.00, 1676.00, 2629.00, -0.19, 0.08, 0.24, 2088.00, 1718.00, 4958.00, 11902.00, -9015.00, 8382.00, 2.33, 10.39, -5.14, -2980.00, 1568.00, -2759.00
28018, 0.00, -0.09, 123, 3166, -16460.00, 1693.00, 2529.00, -0.11, 0.07, 0.25, 2110.00, 1724.00, 4886.00, 11816.00, -8926.00, 7933.00, 3.08, 7.47, -4.57, -2976.00, 1472.00, -2712.00
28051, -0.04, -0.02, 123, 3166, -16455.00, 1708.00, 2635.00, -0.14, 0.04, 0.27, 2154.00, 1712.00, 4897.00, 11723.00, -8714.00, 7523.00, 3.37, 5.08, -1.47, -2988.00, 1470.00, -2758.00
28090, 0.03, 0.06, 123, 3166, -16465.00, 1692.00, 2604.00, -0.14, 0.07, 0.23, 2124.00, 1680.00, 4881.00, 11602.00, -8646.00, 7742.00, 3.45, 5.10, 1.55, -2948.00, 1440.00, -2760.00
28126, 0.02, 0.00, 122, 2225, -16444.00, 1704.00, 2545.00, -0.15, 0.08, 0.25, 2088.00, 1736.00, 4887.00, 11559.00, -8616.00, 7988.00, 5.25, 4.81, 0.08, -2928.00, 1370.00, -2751.00
28165, 0.04, 0.02, 122, 2225, -16466.00, 1716.00, 2600.00, -0.18, 0.09, 0.21, 2076.00, 1720.00, 4920.00, 11546.00, -8303.00, 8158.00, 3.08, 2.21, 4.05, -2996.00, 1354.00, -2740.00
28207, -0.06, 0.01, 122, 4008, -16488.00, 1708.00, 2535.00, -0.17, 0.09, 0.24, 2090.00, 1718.00, 4891.00, 11691.00, -8693.00, 8308.00, 2.14, 3.37, 3.30, -2918.00, 1328.00, -2723.00
28250, -0.01, 0.02, 122, 4008, -16445.00, 1693.00, 2630.00, -0.19, 0.07, 0.20, 2076.00, 1698.00, 4844.00, 11712.00, -8237.00, 7876.00, 1.61, 0.88, 3.49, -2914.00, 1366.00, -2727.00
28290, 0.02, -0.01, 122, 4008, -16464.00, 1696.00, 2548.00, -0.11, 0.07, 0.25, 2104.00, 1680.00, 4927.00, 11622.00, -8458.00, 8054.00, 4.14, 4.94, 2.74, -2886.00, 1340.00, -2732.00
28325, -0.00, -0.01, 121, 2005, -16468.00, 1703.00, 2591.00, -0.14, 0.02, 0.25, 2032.00, 1694.00, 4940.00, 11241.00, -8340.00, 7420.00, 1.35, 3.03, 0.25, -2926.00, 1326.00, -2720.00
28363, 0.00, 0.07, 121, 2005, -16500.00, 1728.00, 2591.00, -0.19, 0.07, 0.25, 2106.00, 1702.00, 4919.00, 11339.00, -8495.00, 7624.00, 1.33, 1.68, -1.49, -2916.00, 1326.00, -2726.00
28407, -0.00, -0.03, 120, 902, -16479.00, 1698.00, 2571.00, -0.14, 0.05, 0.21, 2064.00, 1714.00, 4939.00, 11450.00, -8190.00, 7901.00, 1.50, 2.08, 1.50, -2872.00, 1314.00, -2731.00
28447, -0.02, 0.04, 120, 902, -16456.00, 1694.00, 2596.00, -0.17, 0.08, 0.26, 2000.00, 1714.00, 4923.00, 11294.00, -8422.00, 8114.00, -0.64, -0.38, -1.36, -2840.00, 1330.00, -2737.00
28490, 0.01, -0.01, 120, 2841, -16480.00, 1715.00, 2572.00, -0.15, 0.11, 0.28, 2044.00, 1702.00, 4943.00, 11713.00, -8260.00, 8116.00, -2.56, -0.53, -5.13, -2914.00, 1318.00, -2741.00
28524, -0.02, 0.04, 120, 2841, -16489.00, 1710.00, 2632.00, -0.14, 0.10, 0.25, 2016.00, 1654.00, 4887.00, 11713.00, -8033.00, 8261.00, -3.74, -0.20, 3.40, -2872.00, 1300.00, -2785.00
28563, 0.03, 0.05, 120, 2841, -16443.00, 1712.00, 2584.00, -0.17, 0.09, 0.21, 2032.00, 1688.00, 4917.00, 11464.00, -8749.00, 8740.00, -6.98, 1.02, 5.03, -2830.00, 1308.00, -2764.00
28599, -0.04, -0.06, 121, 1641, -16450.00, 1714.00, 2603.00, -0.15, 0.13, 0.28, 2042.00, 1684.00, 4896.00, 11370.00, -8626.00, 8690.00, -9.00, 0.46, 2.34, -2896.00, 1368.00, -2737.00
28638, -0.00, 0.02, 121, 1641, -16477.00, 1682.00, 2590.00, -0.11, 0.06, 0.25, 2010.00, 1728.00, 4928.00, 11427.00, -8889.00, 8534.00, -6.60, -0.99, 3.43, -2916.00, 1416.00, -2772.00
28680, -0.01, -0.06, 121, 2082, -16461.00, 1704.00, 2600.00, -0.14, 0.07, 0.22, 2080.00, 1744.00, 4906.00, 11361.00, -8883.00, 8413.00, -5.24, -2.17, 0.84, -2892.00, 1418.00, -2779.00
28713, 0.07, 0.09, 121, 2082, -16488.00, 1693.00, 2649.00, -0.15, 0.07, 0.25, 2052.00, 1706.00, 4927.00, 11337.00, -8944.00, 8142.00, -4.17, -3.89, -0.60, -2872.00, 1424.00, -2746.00
28751, 0.01, 0.01, 121, 2082, -16442.00, 1713.00, 2606.00, -0.15, 0.12, 0.22, 2090.00, 1694.00, 4889.00, 11235.00, -9372.00, 7827.00, -3.75, -3.99, -3.89, -2916.00, 1432.00, -2777.00
28788, -0.07, -0.05, 119, 1869, -16460.00, 1708.00, 2603.00, -0.11, 0.09, 0.24, 2074.00, 1696.00, 4893.00, 11459.00, -9152.00, 8485.00, -0.82, -8.00, -4.93, -2934.00, 1448.00, -2757.00
28828, 0.05, -0.00, 119, 1869, -16483.00, 1732.00, 2567.00, -0.17, 0.08, 0.23, 2092.00, 1666.00, 4949.00, 11519.00, -9074.00, 8435.00, 2.27, -8.02, -4.16, -2904.00, 1408.00, -2745.00
28861, -0.01, -0.07, 119, 4497, -16472.00, 1705.00, 2599.00, -0.15, 0.07, 0.25, 2058.00, 1690.00, 4965.00, 11730.00, -8712.00, 8603.00, 3.32, -9.25, -5.13, -2926.00, 1372.00, -2763.00
28894, 0.04, 0.03, 123, 4497, -16479.00, 1725.00, 2564.00, -0.16, 0.06, 0.23, 2070.00, 1720.00, 4936.00, 12042.00, -8413.00, 8370.00, 5.72, -10.38, -4.76, -2988.00, 1376.00, -2755.00
28932, -0.01, -0.00, 123, 4497, -16456.00, 1721.00, 2559.00, -0.13, 0.09, 0.24, 2028.00, 1686.00, 4943.00, 12025.00, -8481.00, 8268.00, 2.47, -6.00, 0.47, -2980.00, 1374.00, -2730.00
28968, -0.02, -0.09, 122, 2258, -16454.00, 1703.00, 2597.00, -0.15, 0.10, 0.20, 2070.00, 1660.00, 4910.00, 12083.00, -8162.00, 8094.00, 1.65, -6.87, -4.33, -3032.00, 1428.00, -2762.00
29006, -0.01, 0.08, 122, 2258, -16484.00, 1727.00, 2560.00, -0.14, 0.06, 0.26, 2088.00, 1676.00, 4884.00, 12004.00, -8363.00, 7815.00, 1.37, -7.25, -3.65, -2964.00, 1360.00, -2739.00
29046, 0.00, 0.00, 122, 2031, -16440.00, 1713.00, 2602.00, -0.14, 0.08, 0.25, 2002.00, 1658.00, 4929.00, 12125.00, -8189.00, 8001.00, -0.42, -4.88, 1.46, -3004.00, 1412.00, -2720.00
29080, 0.05, 0.06, 120, 2031, -16482.00, 1715.00, 2578.00, -0.17, 0.12, 0.21, 2032.00, 1680.00, 4908.00, 12137.00, -8508.00, 8231.00, -0.17, -4.33, 1.74, -3056.00, 1402.00, -2759.00
29113, 0.02, 0.11, 120, 2031, -16464.00, 1710.00, 2602.00, -0.16, 0.07, 0.21, 2026.00, 1670.00, 4927.00, 12115.00, -8467.00, 8459.00, -1.28, -3.35, 2.76, -3086.00, 1402.00, -2757.00
29146, -0.11, -0.11, 120, 1266, -16482.00, 1710.00, 2591.00, -0.14, 0.06, 0.25, 2084.00, 1666.00, 4927.00, 12190.00, -8591.00, 8242.00, -1.88, -1.56, 0.91, -3058.00, 1396.00, -2707.00
29179, 0.04, 0.06, 123, 1266, -16469.00, 1733.00, 2592.00, -0.16, 0.08, 0.24, 2040.00, 1640.00, 4892.00, 12105.00, -8312.00, 7666.00, -2.40, -1.89, 1.50, -3046.00, 1370.00, -2774.00
29216, 0.04, -0.01, 123, 1266, -16448.00, 1673.00, 2535.00, -0.16, 0.08, 0.24, 2034.00, 1708.00, 4911.00, 11871.00, -8482.00, 7838.00, -3.29, -3.52, 3.44, -3130.00, 1410.00, -2739.00
29253, -0.02, -0.08, 122, 1468, -16447.00, 1733.00, 2633.00, -0.11, 0.11, 0.21, 2024.00, 1644.00, 4907.00, 11827.00, -8761.00, 8090.00, -3.21, -4.88, 1.89, -3082.00, 1464.00, -2709.00
29292, 0.03, -0.01, 122, 1468, -16443.00, 1706.00, 2611.00, -0.16, 0.11, 0.28, 2064.00, 1664.00, 4885.00, 12061.00, -8509.00, 7811.00, -2.50, -5.15, 0.82, -3048.00, 1462.00, -2747.00
29329, -0.02, -0.06, 122, 2758, -16455.00, 1694.00, 2613.00, -0.18, 0.06, 0.19, 2016.00, 1654.00, 4892.00, 11669.00, -8772.00, 7829.00, -1.02, -6.31, 5.16, -3058.00, 1520.00, -2704.00
29362, -0.03, 0.05, 120, 2758, -16454.00, 1699.00, 2574.00, -0.13, 0.10, 0.20, 2022.00, 1666.00, 4899.00, 12101.00, -8377.00, 7715.00, -2.97, -6.75, 0.57, -3120.00, 1520.00, -2722.00
29402, 0.00, -0.04, 120, 2758, -16462.00, 1696.00, 2589.00, -0.12, 0.09, 0.24, 1948.00, 1686.00, 4907.00, 12129.00, -8513.00, 7486.00, -4.22, -7.24, 0.44, -3186.00, 1498.00, -2711.00
29438, -0.09, -0.02, 120, 2311, -16464.00, 1733.00, 2645.00, -0.13, 0.07, 0.26, 2010.00, 1570.00, 4925.00, 11845.00, -8908.00, 7541.00, -3.17, -7.71, 9.55, -3146.00, 1538.00, -2730.00
29476, -0.04, -309.66, 120, 2311, -16472.00, 1710.00, 2618.00, -0.17, 0.12, 0.24, 2056.00, 1680.00, 4912.00, 12457.00, -8809.00, 8234.00, -2.06, -5.55, 2.69, -3128.00, 1562.00, -2698.00
29518, -0.03, -0.05, 120, 1348, -16451.00, 1665.00, 2552.00, -0.12, 0.08, 0.23, 2046.00, 1670.00, 4909.00, 12215.00, -8902.00, 7800.00, -2.50, -6.00, 3.68, -3188.00, 1556.00, -2682.00
29552, -0.01, 0.01, 124, 1348, -16463.00, 1692.00, 2611.00, -0.17, 0.12, 0.20, 2044.00, 1686.00, 4896.00, 12295.00, -8972.00, 7683.00, -1.21, -5.26, 1.59, -3184.00, 1586.00, -2684.00
29591, 0.01, 0.08, 124, 1348, -16478.00, 1742.00, 2553.00, -0.12, 0.08, 0.26, 2072.00, 1678.00, 4911.00, 12212.00, -8832.00, 7609.00, 0.26, -4.77, 1.06, -3194.00, 1604.00, -2670.00
29627, -0.01, 0.08, 122, 2998, -16470.00, 1712.00, 2610.00, -0.14, 0.06, 0.25, 2078.00, 1672.00, 4933.00, 12144.00, -8881.00, 7661.00, -0.35, -4.28, 1.54, -3192.00, 1634.00, -2637.00
29664, 0.02, 0.05, 122, 2998, -16467.00, 1700.00, 2592.00, -0.17, 0.07, 0.22, 2034.00, 1702.00, 4903.00, 12274.00, -8956.00, 7656.00, 0.39, -4.05, 0.53, -3156.00, 1632.00, -2642.00
29706, -0.04, -0.04, 122, 2407, -16449.00, 1711.00, 2561.00, -0.17, 0.14, 0.25, 2070.00, 1674.00, 4920.00, 12506.00, -8746.00, 7740.00, 1.29, -3.33, -0.23, -3188.00, 1636.00, -2658.00
29739, -0.03, 0.01, 123, 2407, -16494.00, 1706.00, 2632.00, -0.16, 0.09, 0.27, 2040.00, 1676.00, 4883.00, 12530.00, -8856.00, 7514.00, 1.64, -1.22, 1.78, -3214.00, 1620.00, -2624.00
29775, 0.02, 0.05, 123, 2407, -16483.00, 1721.00, 2556.00, -0.19, 0.11, 0.21, 2048.00, 1702.00, 4849.00, 12471.00, -8726.00, 8186.00, 2.12, 0.77, 1.38, -3162.00, 1576.00, -2666.00
29811, 0.01, -0.05, 124, 2732, -16450.00, 1646.00, 2558.00, -0.16, 0.03, 0.24, 2098.00, 1674.00, 4915.00, 12729.00, -9051.00, 8075.00, 1.76, 2.78, -1.47, -3164.00, 1534.00, -2680.00
29848, 0.01, 0.15, 124, 2732, -16517.00, 1788.00, 2585.00, -0.12, 0.07, 0.20, 2000.00, 1718.00, 4898.00, 12421.00, -8927.00, 7815.00, 3.53, 0.93, -2.56, -3196.00, 1556.00, -2718.00
29886, -0.02, -0.01, 124, 2732, -16457.00, 1701.00, 2583.00, -0.15, 0.08, 0.21, 2024.00, 1672.00, 4919.00, 12554.00, -8625.00, 7793.00, 1.50, 0.60, -1.02, -3190.00, 1518.00, -2668.00
29923, 0.03, 0.03, 120, 3990, -16427.00, 1672.00, 2646.00, -0.12, 0.08, 0.20, 1978.00, 1714.00, 4858.00, 12173.00, -8788.00, 7597.00, 2.44, 0.93, -1.35, -3228.00, 1528.00, -2675.00
29960, 0.05, 0.09, 120, 3990, -16463.00, 1709.00, 2609.00, -0.17, 0.07, 0.24, 2058.00, 1732.00, 4920.00, 12182.00, -8462.00, 7584.00, 1.75, 4.24, -2.94, -3182.00, 1508.00, -2698.00
29997, -0.03, -0.02, 122, 739, -16480.00, 1713.00, 2575.00, -0.17, 0.10, 0.25, 2024.00, 1664.00, 4964.00, 12290.00, -8670.00, 7722.00, -1.17, 4.44, 0.59, -3202.00, 1516.00, -2677.00
30034, 0.00, 0.03, 122, 739, -16460.00, 1712.00, 2635.00, -0.14, 0.09, 0.23, 2026.00, 1692.00, 4902.00, 12259.00, -8251.00, 7317.00, -3.96, 5.17, -0.47, -3152.00, 1544.00, -2660.00
30074, -0.00, 0.02, 122, 2641, -16451.00, 1691.00, 2601.00, -0.13, 0.06, 0.24, 2038.00, 1686.00, 4899.00, 12188.00, -8523.00, 7613.00, 1.37, 5.39, 3.09, -3136.00, 1514.00, -2646.00
30107, -0.03, -0.06, 123, 2641, -16477.00, 1726.00, 2609.00, -0.14, 0.10, 0.19, 2016.00, 1692.00, 4875.00, 12135.00, -8660.00, 7556.00, 0.86, 4.17, 1.96, -3154.00, 1512.00, -2664.00
30143, -0.00, 0.02, 123, 2641, -16468.00, 1726.00, 2553.00, -0.19, 0.14, 0.22, 1974.00, 1748.00, 4867.00, 12184.00, -8442.00, 7395.00, -1.85, 5.41, -1.42, -3134.00, 1488.00, -2690.00
30188, 0.04, 0.04, 121, 1495, -16497.00, 1723.00, 2618.00, -0.16, 0.07, 0.21, 2012.00, 1628.00, 4925.00, 11954.00, -8664.00, 7453.00, -0.24, 3.29, 0.24, -3112.00, 1434.00, -2642.00
30227, 0.08, 0.04, 121, 1495, -16469.00, 1708.00, 2575.00, -0.12, 0.10, 0.25, 2056.00, 1696.00, 4933.00, 12239.00, -8516.00, 7747.00, -0.72, 3.12, -0.60, -3120.00, 1472.00, -2637.00
30268, -0.08, -0.07, 121, 4452, -16453.00, 1712.00, 2579.00, -0.08, 0.05, 0.27, 2036.00, 1686.00, 4853.00, 12088.00, -8655.00, 7855.00, -0.89, 4.08, 2.17, -3092.00, 1508.00, -2698.00
30302, -0.02, 0.03, 123, 4452, -16458.00, 1706.00, 2653.00, -0.14, 0.07, 0.26, 1966.00, 1706.00, 4918.00, 11992.00, -8771.00, 7980.00, 0.03, 3.85, 1.54, -3090.00, 1464.00, -2677.00
30340, -0.06, -0.02, 123, 4452, -16458.00, 1723.00, 2566.00, -0.14, 0.05, 0.29, 2038.00, 1642.00, 4925.00, 12093.00, -8682.00, 7951.00, 0.06, 3.38, -0.79, -3034.00, 1430.00, -2729.00
30375, -0.02, -0.04, 120, 784, -16471.00, 1701.00, 2608.00, -0.14, 0.09, 0.23, 2116.00, 1644.00, 4900.00, 11752.00, -8668.00, 7788.00, 1.07, 4.60, -5.41, -3054.00, 1390.00, -2720.00
30413, -0.02, 0.02, 120, 784, -16479.00, 1727.00, 2571.00, -0.19, 0.09, 0.25, 2050.00, 1714.00, 4924.00, 12068.00, -8319.00, 7815.00, 1.25, 3.20, -2.97, -3116.00, 1386.00, -2689.00
30450, -0.01, 0.02, 120, 2018, -16447.00, 1714.00, 2583.00, -0.11, 0.07, 0.24, 2080.00, 1662.00, 4964.00, 12081.00, -8436.00, 7953.00, -0.21, 3.50, -1.06, -3100.00, 1382.00, -2708.00
30483, -0.01, -0.04, 123, 2018, -16492.00, 1699.00, 2583.00, -0.13, 0.06, 0.25, 2032.00, 1706.00, 4927.00, 12056.00, -8431.00, 8077.00, 0.20, 3.74, -4.46, -3116.00, 1372.00, -2702.00
30522, 0.03, 0.01, 123, 2018, -16482.00, 1724.00, 2596.00, -0.16, 0.10, 0.25, 2072.00, 1644.00, 4874.00, 12108.00, -8375.00, 8011.00, 0.28, 3.89, -4.10, -3070.00, 1340.00, -2711.00
30558, -0.03, -0.02, 121, 2592, -16471.00, 1707.00, 2604.00, -0.14, 0.09, 0.20, 2032.00, 1680.00, 4870.00, 12178.00, -8219.00, 7872.00, -0.32, 3.08, -3.96, -3040.00, 1288.00, -2669.00
30597, 0.02, 0.08, 121, 2592, -16451.00, 1728.00, 2623.00, -0.16, 0.07, 0.25, 2016.00, 1650.00, 4928.00, 12212.00, -7967.00, 7936.00, -2.25, 5.32, -0.54, -3070.00, 1320.00, -2705.00
30637, -0.02, -0.04, 121, 511, -16459.00, 1711.00, 2586.00, -0.14, 0.11, 0.24, 2098.00, 1732.00, 4915.00, 12184.00, -8019.00, 7870.00, -4.27, 4.57, 0.05, -3060.00, 1344.00, -2667.00
30670, -0.00, 0.03, 122, 511, -16453.00, 1719.00, 2601.00, -0.13, 0.05, 0.26, 2024.00, 1674.00, 4885.00, 12405.00, -7848.00, 8313.00, -6.46, 6.07, 5.96, -2994.00, 1316.00, -2693.00
30710, 0.04, -0.05, 122, 511, -16457.00, 1684.00, 2563.00, -0.14, 0.08, 0.24, 2034.00, 1654.00, 4905.00, 12107.00, -8429.00, 7766.00, -9.56, 10.06, 2.85, -3046.00, 1364.00, -2767.00
30746, -0.06, 0.02, 122, 2281, -16485.00, 1723.00, 2589.00, -0.13, 0.07, 0.23, 2012.00, 1670.00, 4946.00, 12293.00, -8220.00, 7595.00, -9.92, 9.14, 2.17, -3022.00, 1388.00, -2750.00
30785, 0.04, 0.11, 122, 2281, -16458.00, 1724.00, 2573.00, -0.13, 0.11, 0.24, 2084.00, 1644.00, 4926.00, 12056.00, -8382.00, 7390.00, -13.19, 11.41, 16.12, -2998.00, 1414.00, -2709.00
30826, 0.04, 0.05, 122, 1721, -16466.00, 1709.00, 2569.00, -0.12, 0.07, 0.23, 2002.00, 1696.00, 4927.00, 12028.00, -8239.00, 7443.00, -14.32, 15.45, 22.12, -2900.00, 1556.00, -2739.00
30860, 0.00, 0.00, 120, 1721, -16475.00, 1699.00, 2592.00, -0.13, 0.06, 0.23, 2058.00, 1704.00, 4888.00, 11319.00, -8847.00, 7673.00, -18.62, 14.41, 28.35, -2900.00, 1606.00, -2730.00
30899, -0.02, -0.01, 120, 1721, -16484.00, 1719.00, 2546.00, -0.17, 0.07, 0.28, 2010.00, 1652.00, 4914.00, 11063.00, -9203.00, 7815.00, -18.98, 18.63, 27.56, -2790.00, 1648.00, -2769.00
30936, -0.04, 0.01, 119, 2120, -16443.00, 1718.00, 2608.00, -0.11, 0.05, 0.24, 2082.00, 1720.00, 4893.00, 10790.00, -9672.00, 7804.00, -18.97, 18.23, 33.22, -2786.00, 1734.00, -2750.00
30970, 0.03, 0.05, 119, 2120, -16451.00, 1682.00, 2594.00, -0.11, 0.05, 0.23, 2048.00, 1646.00, 4919.00, 9717.00, -11315.00, 7475.00, -16.72, 15.92, 29.96, -2728.00, 1856.00, -2804.00
31013, -0.05, 0.05, 119, 4737, -16461.00, 1671.00, 2599.00, -0.16, 0.11, 0.26, 2032.00, 1638.00, 4916.00, 9291.00, -11434.00, 8610.00, -7.91, 12.21, 18.86, -2660.00, 1894.00, -2776.00
31046, 0.04, -0.02, 123, 4737, -16475.00, 1708.00, 2583.00, -0.16, 0.12, 0.22, 2030.00, 1660.00, 4946.00, 9220.00, -11483.00, 8729.00, -1.45, 3.65, 15.00, -2596.00, 1994.00, -2782.00
31084, 0.05, 0.08, 123, 4737, -16443.00, 1699.00, 2598.00, -0.14, 0.10, 0.24, 2006.00, 1692.00, 4903.00, 9236.00, -11116.00, 8126.00, 5.14, -6.24, 0.37, -2592.00, 1934.00, -2810.00
31121, -0.06, 0.04, 120, 2179, -16480.00, 1717.00, 2597.00, -0.13, 0.09, 0.25, 2098.00, 1698.00, 4919.00, 9772.00, -10638.00, 8282.00, 7.50, -5.95, -4.53, -2584.00, 1930.00, -2779.00
31159, 0.00, 0.01, 120, 2179, -16455.00, 1732.00, 2599.00, -0.11, 0.01, 0.25, 2014.00, 1670.00, 4925.00, 10277.00, -10182.00, 7341.00, 6.56, -8.87, -1.37, -2652.00, 1910.00, -2794.00
31202, -0.02, 0.00, 120, 893, -16487.00, 1699.00, 2567.00, -0.17, 0.09, 0.22, 2028.00, 1706.00, 4873.00, 10539.00, -9925.00, 8015.00, 4.93, -8.17, -0.34, -2676.00, 1890.00, -2794.00
31235, -0.07, 0.01, 122, 893, -16449.00, 1703.00, 2590.00, -0.17, 0.09, 0.23, 2048.00, 1648.00, 4907.00, 10388.00, -10342.00, 9008.00, 3.08, -7.66, 5.51, -2646.00, 1926.00, -2869.00
31275, -0.06, 0.03, 122, 893, -16459.00, 1695.00, 2580.00, -0.11, 0.01, 0.24, 2064.00, 1740.00, 4919.00, 10372.00, -10676.00, 9052.00, 2.87, -6.65, 0.82, -2672.00, 1942.00, -2793.00
31309, -0.11, -0.07, 120, 967, -16488.00, 1731.00, 2607.00, -0.16, 0.08, 0.25, 2076.00, 1698.00, 4934.00, 10734.00, -9987.00, 8493.00, 5.06, -7.07, -2.52, -2688.00, 1922.00, -2768.00
31349, 0.05, 0.08, 120, 967, -16452.00, 1707.00, 2582.00, -0.17, 0.11, 0.27, 2072.00, 1686.00, 4895.00, 10746.00, -10073.00, 8225.00, 2.30, -4.65, 0.60, -2704.00, 1866.00, -2820.00
31390, -0.04, -0.04, 120, 1271, -16487.00, 1724.00, 2609.00, -0.20, 0.06, 0.26, 2060.00, 1700.00, 4860.00, 10643.00, -10504.00, 8313.00, 1.38, -1.23, -0.48, -2660.00, 1934.00, -2779.00
31424, -0.04, 0.07, 122, 1271, -16455.00, 1710.00, 2549.00, -0.17, 0.08, 0.21, 2048.00, 1616.00, 4901.00, 10869.00, -10113.00, 8262.00, 5.32, -1.22, -2.78, -2662.00, 1858.00, -2828.00
31463, 0.06, 0.11, 122, 1271, -16458.00, 1700.00, 2588.00, -0.13, 0.07, 0.24, 2026.00, 1692.00, 4884.00, 10677.00, -10579.00, 8334.00, 4.24, 2.16, -0.10, -2670.00, 1888.00, -2886.00
31500, -0.02, -0.04, 126, 1301, -16473.00, 1704.00, 2603.00, -0.18, 0.07, 0.24, 2068.00, 1630.00, 4916.00, 10454.00, -10175.00, 8320.00, 8.57, 3.65, -3.71, -2714.00, 1864.00, -2856.00
31536, 0.05, 0.12, 126, 1301, -16453.00, 1721.00, 2609.00, -0.15, 0.07, 0.23, 2066.00, 1688.00, 4909.00, 10450.00, -10150.00, 8036.00, 13.05, 0.35, -12.15, -2718.00, 1856.00, -2888.00
31579, -0.03, 0.01, 126, 4057, -16483.00, 1709.00, 2598.00, -0.10, 0.09, 0.23, 1996.00, 1668.00, 4907.00, 10747.00, -9588.00, 8762.00, 9.10, 5.07, -3.80, -2702.00, 1848.00, -2885.00
31622, -0.03, 0.04, 119, 4057, -16450.00, 1692.00, 2615.00, -0.14, 0.05, 0.26, 2034.00, 1666.00, 4858.00, 10624.00, -10018.00, 8664.00, 10.73, 3.99, -11.84, -2718.00, 1738.00, -2898.00
31667, -0.00, -0.03, 119, 2718, -16495.00, 1700.00, 2582.00, -0.19, 0.07, 0.25, 2066.00, 1734.00, 4879.00, 10662.00, -9975.00, 9166.00, 11.86, 3.52, -11.87, -2710.00, 1732.00, -2902.00
31710, 0.01, -0.01, 121, 2718, -16466.00, 1721.00, 2605.00, -0.14, 0.10, 0.24, 2030.00, 1686.00, 4914.00, 10707.00, -9951.00, 9539.00, 17.57, 4.26, -11.37, -2654.00, 1678.00, -2962.00
31749, -0.00, -0.14, 121, 2718, -16466.00, 1712.00, 2578.00, -0.17, 0.12, 0.26, 2024.00, 1704.00, 4895.00, 10849.00, -9590.00, 8993.00, 20.06, 5.77, -15.56, -2698.00, 1590.00, -2985.00
31785, -0.04, -0.09, 122, 3848, -16463.00, 1725.00, 2610.00, -0.13, 0.03, 0.26, 1992.00, 1650.00, 4912.00, 11229.00, -8557.00, 8853.00, 20.06, 3.86, -17.00, -2758.00, 1498.00, -2965.00
31824, 0.04, 0.12, 122, 3848, -16490.00, 1730.00, 2580.00, -0.07, 0.08, 0.28, 1998.00, 1656.00, 4871.00, 10799.00, -8738.00, 8504.00, 15.86, 5.94, -4.61, -2752.00, 1472.00, -2962.00
31857, 0.03, -0.09, 122, 3811, -16473.00, 1690.00, 2589.00, -0.16, 0.09, 0.25, 2060.00, 1662.00, 4874.00, 11245.00, -8386.00, 8920.00, 17.27, 6.72, -4.92, -2714.00, 1390.00, -3006.00
31890, -0.02, -0.02, 121, 3811, -16467.00, 1706.00, 2603.00, -0.16, 0.09, 0.24, 2056.00, 1660.00, 4914.00, 10737.00, -8049.00, 8590.00, 14.67, 4.91, 0.03, -2688.00, 1362.00, -3029.00
31929, 0.00, 0.04, 121, 3811, -16469.00, 1717.00, 2583.00, -0.11, 0.08, 0.26, 2036.00, 1696.00, 4851.00, 10945.00, -7865.00, 9837.00, 11.89, 11.00, 2.06, -2740.00, 1314.00, -3118.00
31966, 0.02, -0.02, 122, 1657, -16469.00, 1729.00, 2635.00, -0.16, 0.07, 0.23, 1996.00, 1692.00, 4962.00, 10770.00, -7989.00, 10479.00, 11.62, 9.57, 0.81, -2674.00, 1282.00, -3140.00
32003, 0.02, 0.01, 122, 1657, -16457.00, 1724.00, 2596.00, -0.12, 0.05, 0.31, 2032.00, 1730.00, 4949.00, 10741.00, -8237.00, 10046.00, 10.71, 9.04, -1.58, -2668.00, 1282.00, -3145.00
32040, -0.05, 0.02, 122, 4631, -16477.00, 1713.00, 2599.00, -0.18, 0.14, 0.25, 2068.00, 1728.00, 4908.00, 10690.00, -7637.00, 10021.00, 8.66, 10.90, -1.17, -2640.00, 1266.00, -3203.00
32074, 0.01, -0.03, 124, 4631, -16466.00, 1693.00, 2575.00, -0.09, 0.05, 0.23, 2036.00, 1676.00, 4918.00, 10506.00, -7930.00, 10404.00, 8.28, 11.89, -0.67, -2636.00, 1246.00, -3199.00
32113, 0.02, 0.08, 124, 4631, -16468.00, 1716.00, 2583.00, -0.10, 0.08, 0.28, 2044.00, 1678.00, 4892.00, 10627.00, -7599.00, 10657.00, 6.52, 13.34, 0.67, -2606.00, 1224.00, -3270.00
32146, -0.07, 0.01, 124, 1920, -16463.00, 1711.00, 2602.00, -0.11, 0.05, 0.25, 2026.00, 1666.00, 4896.00, 10180.00, -8051.00, 10619.00, 2.73, 10.50, 0.91, -2592.00, 1270.00, -3280.00
32180, 0.06, 0.04, 123, 1920, -16470.00, 1710.00, 2597.00, -0.12, 0.11, 0.25, 2008.00, 1692.00, 4868.00, 10347.00, -7914.00, 10427.00, 3.40, 12.32, -2.84, -2512.00, 1260.00, -3331.00
32215, 0.12, -0.02, 123, 1920, -16440.00, 1700.00, 2601.00, -0.17, 0.03, 0.24, 2008.00, 1714.00, 4897.00, 10154.00, -8124.00, 10762.00, 5.10, 9.99, 1.58, -2524.00, 1210.00, -3325.00
32250, 0.01, 0.02, 121, 2468, -16460.00, 1723.00, 2593.00, -0.10, 0.12, 0.26, 1998.00, 1704.00, 4937.00, 10078.00, -8074.00, 10512.00, 4.49, 8.70, -2.19, -2482.00, 1204.00, -3337.00
32289, 0.01, 0.09, 121, 2468, -16493.00, 1737.00, 2566.00, -0.11, 0.12, 0.25, 2054.00, 1704.00, 4879.00, 10019.00, -7999.00, 10636.00, 4.63, 4.82, 0.96, -2472.00, 1190.00, -3345.00
32322, -0.13, -0.04, 121, 1623, -16462.00, 1679.00, 2581.00, -0.15, 0.09, 0.24, 2040.00, 1646.00, 4839.00, 9762.00, -8034.00, 11119.00, 6.18, 3.48, -0.29, -2500.00, 1216.00, -3360.00
32355, 0.00, -0.00, 118, 1623, -16481.00, 1733.00, 2561.00, -0.09, 0.12, 0.26, 2036.00, 1686.00, 4875.00, 9895.00, -7580.00, 10757.00, 5.51, 0.50, -0.23, -2486.00, 1186.00, -3355.00
32393, -0.00, 0.02, 118, 1623, -16467.00, 1730.00, 2576.00, -0.15, 0.06, 0.24, 2040.00, 1678.00, 4883.00, 9881.00, -7648.00, 11001.00, 4.87, -0.40, -4.94, -2480.00, 1172.00, -3360.00
32438, -0.01, -0.05, 122, 716, -16451.00, 1703.00, 2629.00, -0.14, 0.05, 0.26, 2046.00, 1662.00, 4860.00, 9999.00, -7392.00, 11271.00, 1.51, -5.29, -2.76, -2448.00, 1132.00, -3451.00
32475, 0.04, 0.06, 122, 716, -16492.00, 1729.00, 2564.00, -0.16, 0.10, 0.23, 2030.00, 1680.00, 4964.00, 10231.00, -7208.00, 11196.00, -2.16, -6.92, -0.92, -2510.00, 1148.00, -3387.00
32517, 0.03, 0.03, 122, 3830, -16448.00, 1721.00, 2608.00, -0.14, 0.08, 0.25, 2000.00, 1764.00, 4926.00, 10386.00, -7212.00, 10295.00, -4.19, -9.50, -1.98, -2546.00, 1170.00, -3375.00
32550, 0.04, 0.05, 121, 3830, -16455.00, 1699.00, 2615.00, -0.17, 0.08, 0.28, 2030.00, 1660.00, 4918.00, 10257.00, -7472.00, 10392.00, -9.14, -9.82, 4.69, -2558.00, 1206.00, -3341.00
32589, -0.04, -0.01, 121, 3830, -16465.00, 1704.00, 2584.00, -0.17, 0.11, 0.20, 2052.00, 1660.00, 4901.00, 10947.00, -7127.00, 11347.00, -10.74, -10.49, 10.90, -2594.00, 1234.00, -3369.00
32626, 0.01, 0.03, 120, 2923, -16481.00, 1699.00, 2607.00, -0.16, 0.04, 0.26, 2038.00, 1678.00, 4937.00, 10434.00, -8085.00, 11190.00, -10.53, -8.50, 10.87, -2562.00, 1224.00, -3342.00
32662, 0.03, 0.08, 120, 2923, -16461.00, 1722.00, 2605.00, -0.16, 0.07, 0.27, 2064.00, 1682.00, 4870.00, 10802.00, -7975.00, 11886.00, -9.89, -7.37, 3.67, -2606.00, 1268.00, -3278.00
32696, -0.07, -0.01, 120, 1670, -16446.00, 1697.00, 2592.00, -0.13, 0.12, 0.25, 2032.00, 1704.00, 4898.00, 10711.00, -8298.00, 11704.00, -11.63, -6.52, 3.73, -2648.00, 1384.00, -3320.00
32729, -0.01, -0.02, 122, 1670, -16477.00, 1708.00, 2627.00, -0.15, 0.03, 0.27, 2056.00, 1658.00, 4908.00, 10819.00, -8177.00, 11016.00, -10.47, -2.96, -0.60, -2610.00, 1314.00, -3311.00
32766, -0.01, -0.05, 122, 1670, -16482.00, 1715.00, 2584.00, -0.17, 0.10, 0.24, 2066.00, 1674.00, 4912.00, 10781.00, -8201.00, 10769.00, -5.67, -5.25, -1.31, -2630.00, 1352.00, -3270.00
32799, -0.07, 0.01, 122, 1610, -16458.00, 1695.00, 2622.00, -0.14, 0.07, 0.23, 1982.00, 1676.00, 4880.00, 10598.00, -8077.00, 10670.00, -4.37, -2.70, 1.95, -2664.00, 1310.00, -3223.00
32832, 0.03, 0.01, 122, 1610, -16445.00, 1742.00, 2608.00, -0.14, 0.05, 0.25, 2032.00, 1680.00, 4869.00, 10312.00, -8331.00, 10381.00, -9.27, -2.48, -1.78, -2626.00, 1336.00, -3165.00
32866, -0.08, 0.02, 122, 1610, -16474.00, 1724.00, 2623.00, -0.18, 0.11, 0.25, 2076.00, 1654.00, 4915.00, 10633.00, -7968.00, 10501.00, -7.18, -5.87, -4.33, -2684.00, 1314.00, -3195.00
32903, -0.05, -0.01, 123, 2140, -16483.00, 1706.00, 2650.00, -0.20, 0.08, 0.21, 2044.00, 1716.00, 4911.00, 10519.00, -8307.00, 10491.00, -7.20, -6.57, 1.86, -2640.00, 1338.00, -3206.00
32943, -0.02, 0.05, 123, 2140, -16467.00, 1710.00, 2564.00, -0.17, 0.04, 0.23, 2032.00, 1694.00, 4939.00, 10754.00, -7956.00, 9883.00, -9.87, -6.51, -5.04, -2626.00, 1344.00, -3096.00
32983, -0.01, 0.04, 123, 2225, -16462.00, 1697.00, 2621.00, -0.14, 0.11, 0.22, 2024.00, 1686.00, 4896.00, 10884.00, -8188.00, 9760.00, -12.28, -6.29, 1.93, -2688.00, 1344.00, -3111.00
33016, -0.02, 0.08, 122, 2225, -16450.00, 1720.00, 2603.00, -0.15, 0.07, 0.26, 2016.00, 1690.00, 4914.00, 10975.00, -8260.00, 9442.00, -13.22, -3.52, 2.23, -2712.00, 1314.00, -3062.00
33055, 0.03, 0.00, 122, 2225, -16446.00, 1682.00, 2581.00, -0.14, 0.07, 0.22, 2054.00, 1634.00, 4945.00, 11019.00, -8388.00, 9247.00, -14.33, -4.95, 4.46, -2718.00, 1330.00, -3063.00
33091, -0.01, -0.05, 124, 2905, -16464.00, 1738.00, 2614.00, -0.14, 0.06, 0.27, 2026.00, 1708.00, 4976.00, 11073.00, -8416.00, 8942.00, -14.56, -2.31, 2.21, -2720.00, 1392.00, -3016.00
33130, -0.06, 0.08, 124, 2905, -16458.00, 1693.00, 2601.00, -0.15, 0.10, 0.24, 2018.00, 1726.00, 4939.00, 11095.00, -8116.00, 8696.00, -18.30, -1.20, 6.65, -2728.00, 1448.00, -3003.00
33164, -0.02, -0.02, 124, 1895, -16457.00, 1708.00, 2613.00, -0.11, 0.08, 0.24, 2030.00, 1700.00, 4958.00, 10969.00, -8789.00, 7962.00, -18.76, -1.31, 0.90, -2730.00, 1436.00, -2975.00
33198, 0.00, 0.06, 122, 1895, -16442.00, 1711.00, 2596.00, -0.14, 0.13, 0.28, 1994.00, 1662.00, 4957.00, 11064.00, -8276.00, 7620.00, -20.35, 0.76, 0.28, -2740.00, 1482.00, -2938.00
33236, 0.00, 0.01, 122, 1895, -16470.00, 1714.00, 2572.00, -0.11, 0.08, 0.26, 2040.00, 1664.00, 4915.00, 11183.00, -8273.00, 8176.00, -26.32, 3.73, 13.18, -2698.00, 1554.00, -2894.00
33269, -0.07, 0.04, 122, 2312, -16461.00, 1699.00, 2610.00, -0.11, 0.07, 0.27, 2002.00, 1684.00, 4908.00, 11065.00, -9159.00, 8222.00, -30.02, 8.68, 13.96, -2698.00, 1662.00, -2925.00
33303, -0.05, 0.02, 122, 2312, -16476.00, 1699.00, 2571.00, -0.14, 0.09, 0.25, 2024.00, 1690.00, 4919.00, 10808.00, -10054.00, 8505.00, -32.88, 13.56, 25.06, -2644.00, 1746.00, -2932.00
33342, 0.01, -0.02, 122, 2312, -16468.00, 1698.00, 2607.00, -0.13, 0.11, 0.24, 2092.00, 1714.00, 4923.00, 10520.00, -10718.00, 9134.00, -28.00, 13.86, 24.25, -2620.00, 1896.00, -2945.00
33379, -0.07, 0.00, 122, 1737, -16470.00, 1712.00, 2592.00, -0.11, 0.08, 0.25, 1990.00, 1680.00, 4914.00, 10265.00, -11535.00, 9199.00, -22.56, 15.51, 19.57, -2610.00, 1974.00, -2947.00
33417, 0.02, 0.04, 122, 1737, -16480.00, 1751.00, 2634.00, -0.14, 0.13, 0.19, 1998.00, 1674.00, 4940.00, 9931.00, -10868.00, 9052.00, -14.89, 9.31, 11.69, -2536.00, 2014.00, -2999.00
33451, -0.04, 0.08, 122, 1733, -16470.00, 1700.00, 2569.00, -0.16, 0.05, 0.22, 2074.00, 1618.00, 4916.00, 9284.00, -11197.00, 8867.00, -12.05, 11.24, 13.94, -2436.00, 2050.00, -2985.00
33484, -0.07, -0.01, 123, 1733, -16465.00, 1734.00, 2582.00, -0.15, 0.10, 0.23, 2066.00, 1626.00, 4971.00, 9544.00, -10947.00, 8490.00, -7.97, 11.19, 1.71, -2404.00, 2108.00, -2975.00
33520, 0.00, 0.05, 123, 1733, -16472.00, 1705.00, 2587.00, -0.14, 0.09, 0.22, 1992.00, 1686.00, 4937.00, 9548.00, -10553.00, 8833.00, -4.79, 9.32, 7.74, -2398.00, 2130.00, -2988.00
33557, -0.05, -0.04, 120, 1033, -16438.00, 1706.00, 2622.00, -0.11, 0.03, 0.29, 1966.00, 1650.00, 4936.00, 9042.00, -11102.00, 8606.00, -6.17, 9.31, 7.30, -2394.00, 2136.00, -2990.00
33597, -0.06, 0.04, 120, 1033, -16457.00, 1694.00, 2586.00, -0.19, 0.08, 0.22, 2038.00, 1650.00, 5004.00, 9731.00, -10294.00, 8461.00, -6.24, 7.07, 18.60, -2342.00, 2144.00, -3041.00
33638, -0.04, -0.07, 120, 2305, -16459.00, 1703.00, 2615.00, -0.19, 0.13, 0.24, 2006.00, 1658.00, 4972.00, 9079.00, -11314.00, 9034.00, -8.30, 10.98, 33.68, -2308.00, 2206.00, -2972.00
33672, -0.06, 0.00, 123, 2305, -16459.00, 1767.00, 2607.00, -0.11, 0.08, 0.25, 1962.00, 1660.00, 5014.00, 8297.00, -12568.00, 8484.00, -2.38, 7.50, 20.96, -2254.00, 2248.00, -3016.00
33707, -0.03, 0.05, 123, 2305, -16492.00, 1754.00, 2592.00, -0.14, 0.10, 0.27, 2032.00, 1632.00, 4967.00, 7783.00, -12627.00, 9068.00, 8.23, 1.21, 7.87, -2216.00, 2274.00, -3000.00
33752, -0.05, -0.04, 120, 2502, -16456.00, 1700.00, 2570.00, -0.13, 0.09, 0.23, 2002.00, 1636.00, 4981.00, 8053.00, -11794.00, 8244.00, 21.05, -6.79, -7.63, -2174.00, 2246.00, -3060.00
33790, 0.01, 0.06, 120, 2502, -16472.00, 1703.00, 2559.00, -0.13, 0.08, 0.24, 1970.00, 1596.00, 4961.00, 8668.00, -10894.00, 8429.00, 26.30, -11.70, -14.41, -2270.00, 2086.00, -3035.00
33823, -0.03, -0.01, 120, 2412, -16487.00, 1744.00, 2590.00, -0.14, 0.05, 0.22, 2006.00, 1608.00, 4954.00, 8678.00, -10802.00, 9061.00, 23.22, -14.63, -13.41, -2300.00, 2082.00, -3033.00
33857, -0.02, -0.08, 122, 2412, -16425.00, 1704.00, 2594.00, -0.14, 0.06, 0.25, 2014.00, 1682.00, 4908.00, 9554.00, -10421.00, 9192.00, 25.46, -15.53, -18.75, -2370.00, 1926.00, -3038.00
33896, -0.03, 0.07, 122, 2412, -16477.00, 1688.00, 2591.00, -0.17, 0.07, 0.26, 2020.00, 1638.00, 4927.00, 9802.00, -9971.00, 9375.00, 25.92, -23.20, -17.81, -2408.00, 1902.00, -3089.00
33932, -0.05, -0.04, 122, 342, -16461.00, 1712.00, 2590.00, -0.19, 0.10, 0.24, 2000.00, 1638.00, 4937.00, 9564.00, -10246.00, 8649.00, 22.91, -18.92, -19.95, -2472.00, 1794.00, -3109.00
33971, -0.02, -0.02, 122, 342, -16457.00, 1720.00, 2620.00, -0.14, 0.11, 0.23, 2000.00, 1630.00, 4934.00, 9902.00, -9208.00, 7748.00, 25.96, -20.00, -23.67, -2574.00, 1742.00, -3055.00
34004, -0.07, 0.06, 122, 3501, -16485.00, 1703.00, 2596.00, -0.12, 0.08, 0.19, 2000.00, 1608.00, 4909.00, 9630.00, -9261.00, 8300.00, 23.67, -19.87, -20.36, -2632.00, 1662.00, -3077.00
34037, 0.02, 0.05, 119, 3501, -16463.00, 1716.00, 2607.00, -0.14, 0.09, 0.26, 2008.00, 1654.00, 4944.00, 10752.00, -8247.00, 9158.00, 15.73, -18.65, -13.24, -2680.00, 1596.00, -3102.00
34074, 0.03, 0.05, 119, 3501, -16453.00, 1705.00, 2580.00, -0.18, 0.09, 0.27, 2012.00, 1646.00, 4978.00, 11195.00, -8216.00, 9736.00, 9.23, -17.37, -3.82, -2742.00, 1610.00, -3072.00
34107, 0.01, 0.00, 119, 872, -16476.00, 1696.00, 2584.00, -0.14, 0.07, 0.21, 2028.00, 1640.00, 4899.00, 10918.00, -8840.00, 10447.00, 5.81, -16.27, -1.71, -2746.00, 1566.00, -3069.00
34140, -0.06, 0.02, 120, 872, -16490.00, 1709.00, 2565.00, -0.13, 0.08, 0.29, 2022.00, 1578.00, 4886.00, 10966.00, -9095.00, 10187.00, 4.45, -17.14, -5.42, -2778.00, 1534.00, -3056.00
34178, 0.03, -0.01, 120, 872, -16464.00, 1697.00, 2575.00, -0.14, 0.08, 0.23, 2046.00, 1616.00, 4894.00, 11258.00, -8822.00, 9538.00, 5.78, -13.98, -4.45, -2778.00, 1564.00, -3076.00
34214, 0.01, 0.01, 121, 431, -16459.00, 1660.00, 2592.00, -0.16, 0.05, 0.19, 2020.00, 1698.00, 4918.00, 11234.00, -9111.00, 9490.00, 6.24, -13.01, -6.95, -2828.00, 1560.00, -2962.00
34252, 0.06, 0.04, 121, 431, -16480.00, 1719.00, 2580.00, -0.13, 0.10, 0.24, 2048.00, 1606.00, 4956.00, 11327.00, -8600.00, 9329.00, 8.78, -10.22, -6.67, -2864.00, 1500.00, -3014.00
34294, -0.08, -0.03, 121, 2473, -16441.00, 1719.00, 2611.00, -0.15, 0.10, 0.25, 2060.00, 1666.00, 4990.00, 11258.00, -8760.00, 9263.00, 8.68, -11.29, -8.82, -2922.00, 1536.00, -3013.00
34327, 0.03, 0.03, 121, 2473, -16453.00, 1698.00, 2592.00, -0.14, 0.09, 0.23, 2050.00, 1714.00, 4953.00, 11578.00, -8436.00, 9236.00, 10.65, -9.96, -10.95, -2972.00, 1484.00, -2978.00
34365, -0.03, 0.05, 121, 2473, -16448.00, 1721.00, 2605.00, -0.13, 0.10, 0.25, 2056.00, 1710.00, 4942.00, 11553.00, -8119.00, 9299.00, 7.99, -10.56, -8.44, -3010.00, 1430.00, -3001.00
34401, 0.00, 0.03, 121, 1566, -16458.00, 1705.00, 2605.00, -0.13, 0.08, 0.25, 2018.00, 1716.00, 4970.00, 11584.00, -7965.00, 8670.00, 6.18, -8.15, -5.03, -2992.00, 1440.00, -2974.00
34439, 0.04, 0.05, 121, 1566, -16479.00, 1698.00, 2576.00, -0.13, 0.05, 0.23, 2022.00, 1694.00, 4910.00, 11804.00, -7739.00, 9213.00, 4.36, -8.68, -4.55, -3044.00, 1362.00, -3021.00
34480, 0.00, -0.05, 121, 3190, -16467.00, 1677.00, 2618.00, -0.12, 0.09, 0.24, 1996.00, 1662.00, 4920.00, 11675.00, -8134.00, 9400.00, 2.94, -10.30, -2.53, -3028.00, 1372.00, -2949.00
34522, 0.00, 0.01, 123, 3190, -16512.00, 1754.00, 2593.00, -0.14, 0.09, 0.26, 1988.00, 1648.00, 4912.00, 11952.00, -8000.00, 8756.00, 4.22, -9.69, -5.05, -3074.00, 1332.00, -2945.00
34562, -0.02, -0.03, 123, 794, -16464.00, 1733.00, 2602.00, -0.11, 0.10, 0.27, 2016.00, 1632.00, 4955.00, 11835.00, -8127.00, 8548.00, 4.32, -11.01, -4.87, -3114.00, 1350.00, -2933.00
34604, -0.00, -0.07, 125, 794, -16448.00, 1702.00, 2611.00, -0.15, 0.06, 0.29, 1982.00, 1664.00, 4903.00, 12046.00, -7821.00, 8301.00, 4.55, -9.18, -7.07, -3122.00, 1264.00, -2914.00
34642, -0.05, 0.02, 125, 794, -16481.00, 1687.00, 2618.00, -0.17, 0.08, 0.25, 2070.00, 1618.00, 4926.00, 12135.00, -7793.00, 8611.00, 3.59, -6.82, -2.51, -3204.00, 1270.00, -2872.00
34676, 0.01, 0.07, 125, 377, -16490.00, 1730.00, 2584.00, -0.14, 0.07, 0.28, 2054.00, 1646.00, 4927.00, 12198.00, -7933.00, 8738.00, 5.08, -8.55, -3.30, -3144.00, 1246.00, -2879.00
34709, -0.01, 0.06, 119, 377, -16463.00, 1692.00, 2594.00, -0.11, 0.07, 0.27, 2042.00, 1704.00, 5000.00, 12056.00, -7811.00, 8813.00, 5.92, -10.83, 6.20, -3166.00, 1294.00, -2864.00
34751, -0.04, -0.02, 119, 1493, -16460.00, 1710.00, 2620.00, -0.16, 0.08, 0.24, 2030.00, 1670.00, 4917.00, 12222.00, -7730.00, 8914.00, 7.44, -7.04, -4.34, -3230.00, 1248.00, -2915.00
34791, -0.03, 0.02, 121, 1493, -16463.00, 1724.00, 2585.00, -0.15, 0.07, 0.25, 2022.00, 1682.00, 4944.00, 12317.00, -7826.00, 9634.00, 6.08, -3.49, 0.39, -3142.00, 1232.00, -2855.00
34829, -0.02, 0.03, 121, 1493, -16476.00, 1722.00, 2625.00, -0.12, 0.06, 0.21, 2072.00, 1616.00, 4894.00, 12868.00, -7342.00, 9671.00, 1.68, -1.18, -5.01, -3222.00, 1194.00, -2812.00
34862, -0.01, -0.10, 121, 3194, -16473.00, 1692.00, 2589.00, -0.17, 0.09, 0.26, 2056.00, 1648.00, 4884.00, 12929.00, -7278.00, 9057.00, -1.86, -2.60, -1.45, -3210.00, 1208.00, -2849.00
34905, -0.06, -0.01, 121, 3194, -16449.00, 1686.00, 2597.00, -0.14, 0.09, 0.21, 2044.00, 1622.00, 4878.00, 12292.00, -7380.00, 8461.00, -9.10, -1.98, 0.11, -3238.00, 1176.00, -2785.00
34946, -0.05, 0.07, 121, 2790, -16470.00, 1719.00, 2627.00, -0.14, 0.05, 0.24, 2054.00, 1664.00, 4907.00, 12814.00, -7097.00, 8717.00, -7.06, 9.03, -1.76, -3138.00, 1176.00, -2844.00
34979, 0.02, 0.00, 121, 2790, -16469.00, 1724.00, 2551.00, -0.14, 0.09, 0.25, 1992.00, 1652.00, 4897.00, 12640.00, -7563.00, 8603.00, -8.24, 8.19, 2.45, -3130.00, 1228.00, -2832.00
35014, -0.01, 0.01, 121, 2790, -16460.00, 1701.00, 2601.00, -0.11, 0.08, 0.22, 2022.00, 1588.00, 4886.00, 12244.00, -7559.00, 8452.00, -9.15, 12.46, 5.39, -3180.00, 1226.00, -2874.00
35048, -0.04, -0.09, 121, 1801, -16506.00, 1736.00, 2612.00, -0.15, 0.07, 0.23, 2026.00, 1630.00, 4895.00, 12414.00, -7222.00, 8413.00, -12.77, 14.54, 6.22, -3074.00, 1240.00, -2839.00
35082, 0.03, 0.01, 121, 1801, -16460.00, 1697.00, 2589.00, -0.13, 0.09, 0.25, 2086.00, 1720.00, 4889.00, 11854.00, -7864.00, 8425.00, -18.17, 20.51, 11.86, -3068.00, 1210.00, -2831.00
35123, 0.03, -0.02, 121, 2354, -16461.00, 1688.00, 2578.00, -0.13, 0.07, 0.25, 2060.00, 1656.00, 4901.00, 12142.00, -8074.00, 8846.00, -17.93, 20.17, 18.24, -3038.00, 1310.00, -2866.00
35166, -0.05, 0.07, 120, 2354, -16486.00, 1735.00, 2588.00, -0.15, 0.09, 0.21, 2032.00, 1668.00, 4893.00, 11337.00, -8701.00, 9029.00, -13.21, 13.05, 11.49, -2970.00, 1406.00, -2873.00
35204, 0.01, 0.09, 120, 2354, -16470.00, 1710.00, 2600.00, -0.12, 0.06, 0.22, 2096.00, 1638.00, 4949.00, 11387.00, -8926.00, 9293.00, -10.23, 11.20, 4.72, -2888.00, 1432.00, -2856.00
35237, -0.09, -0.00, 120, 2350, -16446.00, 1717.00, 2623.00, -0.15, 0.09, 0.23, 2076.00, 1694.00, 4939.00, 11422.00, -8764.00, 8803.00, -8.57, 7.82, -3.50, -2912.00, 1382.00, -2843.00
35270, 0.05, 0.08, 121, 2350, -16477.00, 1724.00, 2563.00, -0.15, 0.08, 0.23, 2076.00, 1700.00, 4965.00, 11159.00, -9056.00, 8607.00, -5.62, 3.63, -1.50, -2914.00, 1426.00, -2854.00
35313, -0.01, -0.04, 121, 1632, -16484.00, 1723.00, 2574.00, -0.16, 0.07, 0.24, 2054.00, 1660.00, 4887.00, 11055.00, -8791.00, 8670.00, -2.50, 3.68, -4.09, -2850.00, 1384.00, -2876.00
35346, -0.05, -0.02, 120, 1632, -16488.00, 1720.00, 2597.00, -0.13, 0.10, 0.27, 2052.00, 1650.00, 4964.00, 11192.00, -8651.00, 8381.00, 0.61, 1.42, -7.78, -2876.00, 1388.00, -2906.00
35384, -0.01, 0.07, 120, 1632, -16482.00, 1728.00, 2599.00, -0.13, 0.06, 0.21, 2036.00, 1678.00, 4924.00, 11545.00, -8304.00, 8673.00, -1.22, -0.11, -2.73, -2928.00, 1376.00, -2887.00
35417, -0.03, -0.03, 120, 923, -16445.00, 1699.00, 2594.00, -0.15, 0.05, 0.28, 2012.00, 1662.00, 4893.00, 11330.00, -8445.00, 8611.00, -2.59, -1.13, -0.43, -2924.00, 1382.00, -2891.00
35450, -0.04, 0.06, 122, 923, -16481.00, 1712.00, 2584.00, -0.15, 0.11, 0.18, 2028.00, 1672.00, 4962.00, 11115.00, -8532.00, 8506.00, -1.46, -1.68, -4.66, -2898.00, 1328.00, -2846.00
35489, 0.06, 0.03, 122, 923, -16444.00, 1715.00, 2572.00, -0.12, 0.05, 0.25, 2044.00, 1650.00, 4910.00, 11670.00, -7828.00, 8317.00, -2.05, -2.41, -1.86, -2908.00, 1316.00, -2849.00
35526, -0.01, -0.05, 122, 1833, -16459.00, 1723.00, 2595.00, -0.09, 0.09, 0.26, 2074.00, 1688.00, 4857.00, 11405.00, -8333.00, 7982.00, -5.15, -1.60, 4.08, -2896.00, 1308.00, -2856.00
35565, -0.03, 0.06, 122, 1833, -16457.00, 1733.00, 2573.00, -0.14, 0.10, 0.25, 2120.00, 1638.00, 4901.00, 11478.00, -8464.00, 7680.00, -3.29, 0.08, 2.69, -2906.00, 1316.00, -2848.00
35598, -0.02, -0.04, 122, 3580, -16464.00, 1728.00, 2608.00, -0.10, 0.07, 0.25, 2080.00, 1676.00, 4901.00, 11544.00, -8601.00, 7996.00, -3.13, -0.10, 3.94, -2870.00, 1324.00, -2782.00
35632, -0.02, 0.03, 123, 3580, -16472.00, 1690.00, 2601.00, -0.17, 0.09, 0.25, 2066.00, 1676.00, 4925.00, 11584.00, -8673.00, 8015.00, -1.99, -0.54, 5.57, -2866.00, 1384.00, -2817.00
35670, -0.00, -0.00, 123, 3580, -16429.00, 1732.00, 2598.00, -0.11, 0.03, 0.22, 2070.00, 1652.00, 4941.00, 11475.00, -8867.00, 7739.00, 0.92, -0.27, 3.93, -2878.00, 1300.00, -2817.00
35705, -0.02, 0.04, 123, 2679, -16480.00, 1743.00, 2539.00, -0.11, 0.09, 0.33, 2034.00, 1682.00, 4935.00, 11222.00, -9245.00, 8064.00, -1.46, -3.77, 4.02, -2866.00, 1364.00, -2821.00
35739, -0.01, -0.00, 122, 2679, -16429.00, 1675.00, 2592.00, -0.19, 0.06, 0.24, 2004.00, 1658.00, 4923.00, 10626.00, -9512.00, 7889.00, 0.11, -6.34, -3.51, -2882.00, 1392.00, -2823.00
35777, 0.01, -0.05, 122, 2303, -16464.00, 1702.00, 2565.00, -0.16, 0.05, 0.21, 2042.00, 1648.00, 4910.00, 10873.00, -8897.00, 7944.00, 5.33, -9.87, -7.19, -2906.00, 1390.00, -2837.00
35818, -0.02, 0.07, 121, 2303, -16463.00, 1693.00, 2601.00, -0.13, 0.08, 0.21, 2068.00, 1694.00, 4910.00, 11765.00, -8207.00, 9449.00, 8.97, -8.93, -6.76, -2956.00, 1312.00, -2822.00
35856, -0.04, 0.06, 121, 2303, -16455.00, 1742.00, 2572.00, -0.11, 0.08, 0.27, 2080.00, 1728.00, 4923.00, 12074.00, -8384.00, 8743.00, 7.49, -15.85, -1.52, -3020.00, 1298.00, -2802.00
35890, -0.08, 0.01, 121, 1003, -16469.00, 1708.00, 2603.00, -0.14, 0.04, 0.24, 2118.00, 1678.00, 4918.00, 10764.00, -9209.00, 7012.00, 9.90, -31.57, 12.68, -3014.00, 1310.00, -2738.00
35932, 0.02, 0.04, 121, 1003, -16464.00, 1703.00, 2588.00, -0.15, 0.07, 0.20, 2110.00, 1704.00, 4868.00, 12192.00, -8564.00, 7028.00, 7.66, -26.73, -3.96, -3086.00, 1344.00, -2727.00
35975, 0.01, -0.04, 121, 1800, -16441.00, 1685.00, 2610.00, -0.14, 0.12, 0.26, 2022.00, 1650.00, 4915.00, 12154.00, -8090.00, 8489.00, 9.94, -10.90, -2.45, -3124.00, 1250.00, -2740.00
36018, -0.02, 0.02, 123, 1800, -16433.00, 1698.00, 2609.00, -0.15, 0.07, 0.21, 2078.00, 1662.00, 4898.00, 12803.00, -8379.00, 9310.00, 8.40, -19.12, -6.99, -3192.00, 1278.00, -2743.00
36063, -0.01, 0.00, 123, 1059, -16490.00, 1636.00, 2559.00, -0.17, 0.08, 0.20, 2084.00, 1706.00, 4913.00, 13102.00, -7660.00, 9003.00, 11.45, -17.14, -17.00, -3238.00, 1242.00, -2705.00
36097, 0.04, 0.06, 123, 1059, -16472.00, 1747.00, 2572.00, -0.11, 0.12, 0.23, 2076.00, 1712.00, 4920.00, 13121.00, -7587.00, 8475.00, 6.63, -13.33, -10.61, -3214.00, 1134.00, -2649.00
36134, 0.09, 0.02, 123, 1059, -16453.00, 1688.00, 2593.00, -0.12, 0.11, 0.26, 2018.00, 1690.00, 4933.00, 13362.00, -7421.00, 7747.00, 5.56, -7.92, -9.84, -3266.00, 1142.00, -2656.00
36168, -0.01, -0.02, 123, 1371, -16444.00, 1698.00, 2630.00, -0.16, 0.03, 0.24, 2052.00, 1686.00, 4918.00, 13363.00, -7029.00, 7492.00, 3.11, -1.45, -4.60, -3308.00, 1096.00, -2659.00
36201, 0.06, -0.02, 121, 1371, -16470.00, 1725.00, 2568.00, -0.18, 0.11, 0.21, 2048.00, 1720.00, 4896.00, 13249.00, -7207.00, 7771.00, 0.48, 2.64, -1.30, -3310.00, 1102.00, -2682.00
36240, -0.00, 0.00, 121, 1371, -16445.00, 1680.00, 2641.00, -0.11, 0.09, 0.29, 2042.00, 1674.00, 4977.00, 12876.00, -7419.00, 7346.00, -2.21, 5.70, 2.64, -3296.00, 1114.00, -2703.00
36277, 0.01, 0.07, 122, 1460, -16428.00, 1640.00, 2599.00, -0.18, 0.09, 0.23, 2078.00, 1652.00, 4942.00, 12670.00, -7519.00, 7610.00, -2.78, 7.42, 2.91, -3258.00, 1138.00, -2662.00
36315, 0.04, -0.01, 122, 1460, -16423.00, 1696.00, 2628.00, -0.16, 0.09, 0.21, 2108.00, 1696.00, 4892.00, 12615.00, -7697.00, 8130.00, -2.67, 7.28, 3.94, -3264.00, 1176.00, -2742.00
36348, 0.01, -0.03, 122, 2395, -16461.00, 1730.00, 2607.00, -0.12, 0.10, 0.24, 2018.00, 1632.00, 4860.00, 12348.00, -7889.00, 7847.00, -1.55, 5.93, 3.34, -3276.00, 1172.00, -2732.00
36381, -0.05, 0.01, 122, 2395, -16460.00, 1695.00, 2576.00, -0.12, 0.07, 0.25, 2038.00, 1672.00, 4895.00, 12272.00, -7869.00, 7983.00, 1.08, 3.72, 0.73, -3232.00, 1164.00, -2793.00
36418, 0.05, 0.03, 122, 2395, -16487.00, 1715.00, 2620.00, -0.13, 0.09, 0.25, 2022.00, 1652.00, 4900.00, 12279.00, -7810.00, 7875.00, 2.38, 1.72, 0.16, -3228.00, 1202.00, -2747.00
36451, 0.02, -0.02, 122, 3019, -16453.00, 1683.00, 2605.00, -0.18, 0.07, 0.20, 2056.00, 1686.00, 4904.00, 12451.00, -7571.00, 8060.00, 2.93, 2.01, 0.97, -3196.00, 1226.00, -2772.00
36484, -0.01, 0.04, 121, 3019, -16446.00, 1732.00, 2558.00, -0.12, 0.11, 0.26, 2060.00, 1664.00, 4946.00, 12472.00, -7634.00, 7976.00, 2.63, 0.58, 1.96, -3256.00, 1198.00, -2801.00
36528, -0.00, 0.02, 121, 1171, -16477.00, 1694.00, 2614.00, -0.17, 0.08, 0.24, 2046.00, 1688.00, 4910.00, 12579.00, -7732.00, 8084.00, 4.67, 0.34, -0.88, -3262.00, 1162.00, -2769.00
36571, 0.02, -0.02, 119, 1171, -16446.00, 1720.00, 2587.00, -0.16, 0.10, 0.24, 2078.00, 1656.00, 4866.00, 12521.00, -7387.00, 8170.00, 2.94, 1.79, 3.29, -3294.00, 1190.00, -2780.00
36608, 0.06, 0.06, 119, 1171, -16452.00, 1706.00, 2648.00, -0.12, 0.06, 0.25, 2086.00, 1684.00, 4922.00, 12402.00, -7594.00, 8127.00, 2.69, 1.71, 1.44, -3260.00, 1202.00, -2821.00
36641, -0.03, 0.01, 119, 1292, -16466.00, 1706.00, 2585.00, -0.18, 0.09, 0.22, 2092.00, 1694.00, 4982.00, 12525.00, -7517.00, 8546.00, 3.43, 1.36, 0.88, -3276.00, 1220.00, -2805.00
36674, 0.01, 0.00, 120, 1292, -16483.00, 1720.00, 2600.00, -0.17, 0.09, 0.23, 2062.00, 1688.00, 4950.00, 12348.00, -7741.00, 8309.00, 1.58, 1.07, 1.69, -3264.00, 1252.00, -2811.00
36715, 0.02, -0.01, 120, 1259, -16473.00, 1727.00, 2590.00, -0.14, 0.11, 0.25, 2064.00, 1650.00, 4958.00, 12280.00, -7470.00, 8221.00, 1.30, 0.04, -0.50, -3230.00, 1194.00, -2891.00
36749, -0.06, -0.05, 122, 1259, -16473.00, 1712.00, 2573.00, -0.16, 0.11, 0.26, 2016.00, 1702.00, 4933.00, 12468.00, -7488.00, 8447.00, 0.14, -0.53, 1.67, -3264.00, 1174.00, -2862.00
36786, -0.04, -0.03, 122, 1259, -16471.00, 1725.00, 2600.00, -0.13, 0.08, 0.26, 2078.00, 1694.00, 4899.00, 12342.00, -7596.00, 8328.00, -0.74, -1.32, 1.97, -3272.00, 1230.00, -2841.00
36828, -0.04, -0.07, 122, 1518, -16480.00, 1733.00, 2546.00, -0.14, 0.06, 0.22, 2050.00, 1686.00, 4915.00, 12381.00, -7687.00, 8504.00, -0.77, -1.38, 1.25, -3274.00, 1254.00, -2792.00
36870, 0.01, 0.01, 120, 1518, -16463.00, 1721.00, 2587.00, -0.09, 0.07, 0.25, 2092.00, 1698.00, 4944.00, 12468.00, -7646.00, 8305.00, 0.23, -2.61, 0.81, -3248.00, 1250.00, -2818.00
36913, -0.03, 0.01, 120, 1574, -16469.00, 1694.00, 2616.00, -0.14, 0.11, 0.24, 2118.00, 1678.00, 4926.00, 12489.00, -7796.00, 8309.00, 1.59, -2.39, -3.11, -3194.00, 1268.00, -2873.00
36955, 0.01, -0.01, 121, 1574, -16468.00, 1721.00, 2591.00, -0.11, 0.03, 0.19, 2092.00, 1692.00, 4869.00, 12662.00, -7349.00, 8463.00, 1.76, -1.73, -2.24, -3256.00, 1200.00, -2823.00
36998, -0.04, -0.01, 121, 1608, -16464.00, 1728.00, 2633.00, -0.17, 0.07, 0.25, 2056.00, 1686.00, 4903.00, 12592.00, -7609.00, 8636.00, 0.08, 0.97, 2.18, -3262.00, 1218.00, -2805.00
37040, -0.02, 0.03, 121, 1608, -16442.00, 1694.00, 2596.00, -0.11, 0.07, 0.22, 2036.00, 1724.00, 4902.00, 12578.00, -7573.00, 8741.00, 2.02, 0.43, -1.23, -3234.00, 1264.00, -2858.00
37078, -0.02, 0.03, 121, 1608, -16442.00, 1700.00, 2581.00, -0.15, 0.07, 0.22, 2000.00, 1674.00, 4876.00, 12446.00, -7596.00, 8367.00, 1.50, 0.71, 0.42, -3244.00, 1266.00, -2879.00
37114, -0.06, 0.03, 121, 4141, -16455.00, 1716.00, 2570.00, -0.15, 0.06, 0.21, 2016.00, 1658.00, 4859.00, 12462.00, -7457.00, 8398.00, 2.58, 0.53, -0.61, -3234.00, 1244.00, -2799.00
37147, -0.01, -0.01, 121, 4141, -16483.00, 1707.00, 2597.00, -0.12, 0.08, 0.25, 2062.00, 1614.00, 4886.00, 12532.00, -7237.00, 8577.00, 0.07, 1.83, 0.28, -3228.00, 1142.00, -2788.00
37180, 0.02, 0.01, 121, 2769, -16452.00, 1712.00, 2608.00, -0.20, 0.09, 0.21, 2072.00, 1628.00, 4909.00, 12488.00, -7346.00, 8884.00, -0.52, 1.10, 1.38, -3288.00, 1228.00, -2825.00
37213, 0.04, 0.01, 121, 2769, -16462.00, 1703.00, 2593.00, -0.13, 0.07, 0.24, 2010.00, 1678.00, 4929.00, 12476.00, -7293.00, 9108.00, -0.95, 0.28, -0.41, -3234.00, 1244.00, -2860.00
37250, -0.06, 0.11, 121, 2769, -16455.00, 1693.00, 2593.00, -0.17, 0.09, 0.21, 2040.00, 1702.00, 4941.00, 12247.00, -7403.00, 8371.00, -2.14, 0.80, 1.90, -3242.00, 1208.00, -2808.00
37283, -0.05, 0.04, 121, 2097, -16464.00, 1699.00, 2624.00, -0.18, 0.06, 0.25, 2020.00, 1712.00, 4933.00, 12346.00, -7283.00, 8476.00, 0.61, 0.02, 1.91, -3228.00, 1200.00, -2819.00
37316, -0.01, 0.02, 122, 2097, -16465.00, 1710.00, 2553.00, -0.16, 0.13, 0.23, 1994.00, 1698.00, 4952.00, 12409.00, -7208.00, 8427.00, -3.42, 0.07, 4.11, -3282.00, 1144.00, -2818.00
37356, 0.05, 0.02, 122, 2097, -16476.00, 1705.00, 2590.00, -0.15, 0.06, 0.25, 2012.00, 1730.00, 4907.00, 12430.00, -7549.00, 8607.00, -3.81, -1.55, 3.76, -3224.00, 1246.00, -2814.00
37389, -0.04, 0.01, 122, 2283, -16480.00, 1703.00, 2614.00, -0.16, 0.10, 0.24, 2062.00, 1664.00, 4950.00, 12735.00, -7385.00, 8683.00, -3.29, -1.71, 2.08, -3284.00, 1176.00, -2870.00
37422, -0.04, -0.01, 120, 2283, -16452.00, 1711.00, 2607.00, -0.14, 0.09, 0.22, 2046.00, 1692.00, 4947.00, 12613.00, -7510.00, 8441.00, -7.32, -1.18, 3.70, -3298.00, 1190.00, -2850.00
37464, 0.06, 0.06, 120, 2474, -16465.00, 1691.00, 2621.00, -0.20, 0.08, 0.27, 2048.00, 1664.00, 4960.00, 12528.00, -7643.00, 8379.00, -6.93, -0.02, 3.82, -3230.00, 1210.00, -2813.00
37497, -0.04, -0.01, 122, 2474, -16468.00, 1709.00, 2548.00, -0.14, 0.09, 0.23, 1980.00, 1660.00, 4910.00, 12744.00, -7630.00, 8402.00, -8.33, 1.08, 3.95, -3156.00, 1234.00, -2774.00
37535, 0.04, -0.03, 122, 2474, -16498.00, 1711.00, 2601.00, -0.12, 0.11, 0.28, 2102.00, 1690.00, 4913.00, 12457.00, -7882.00, 8356.00, -7.30, 1.69, 1.46, -3164.00, 1282.00, -2815.00
37569, 0.00, -0.02, 122, 4017, -16478.00, 1711.00, 2559.00, -0.15, 0.08, 0.27, 2078.00, 1678.00, 4902.00, 12487.00, -7872.00, 8149.00, -7.75, 2.45, 2.25, -3206.00, 1276.00, -2783.00
37602, -0.02, 0.02, 120, 4017, -16474.00, 1697.00, 2575.00, -0.18, 0.10, 0.20, 2068.00, 1722.00, 4888.00, 12484.00, -7884.00, 7956.00, -9.48, 2.47, 3.10, -3186.00, 1264.00, -2783.00
37641, 0.05, 0.09, 120, 4017, -16484.00, 1732.00, 2635.00, -0.14, 0.12, 0.20, 2030.00, 1660.00, 4927.00, 12011.00, -8061.00, 8149.00, -9.45, 3.14, 2.89, -3180.00, 1304.00, -2765.00
37687, -0.06, -0.03, 122, 2484, -16472.00, 1716.00, 2572.00, -0.13, 0.02, 0.26, 2046.00, 1744.00, 4953.00, 12143.00, -8116.00, 8149.00, -7.31, 0.98, 1.22, -3162.00, 1288.00, -2729.00
37725, -0.02, 0.03, 122, 2484, -16468.00, 1683.00, 2617.00, -0.16, 0.06, 0.21, 2028.00, 1726.00, 4948.00, 12020.00, -8005.00, 7888.00, -6.16, -1.58, 0.51, -3194.00, 1306.00, -2743.00
37767, -0.15, 0.01, 122, 902, -16476.00, 1700.00, 2580.00, -0.23, 0.08, 0.25, 1988.00, 1758.00, 4939.00, 12176.00, -8333.00, 7658.00, -5.55, -3.09, 1.17, -3166.00, 1274.00, -2759.00
37800, 0.01, 0.04, 122, 902, -16475.00, 1745.00, 2575.00, -0.11, 0.07, 0.28, 1974.00, 1740.00, 4901.00, 12239.00, -8800.00, 7479.00, -2.04, -3.40, 1.59, -3166.00, 1300.00, -2708.00
37842, -0.06, 0.09, 122, 3100, -16477.00, 1707.00, 2582.00, -0.14, 0.08, 0.22, 2022.00, 1676.00, 4924.00, 12486.00, -8872.00, 7606.00, 1.65, -5.08, -2.93, -3218.00, 1294.00, -2697.00
37884, -0.03, -0.03, 122, 3100, -16435.00, 1717.00, 2598.00, -0.11, 0.06, 0.25, 2004.00, 1700.00, 4919.00, 12770.00, -8076.00, 7753.00, 3.57, -6.41, -8.12, -3260.00, 1268.00, -2665.00
37924, 0.04, 0.04, 122, 3100, -16471.00, 1688.00, 2616.00, -0.14, 0.07, 0.27, 2054.00, 1656.00, 4932.00, 12203.00, -7753.00, 7440.00, 7.35, -4.80, -6.78, -3206.00, 1224.00, -2637.00
37957, -0.04, 0.11, 122, 2330, -16459.00, 1755.00, 2588.00, -0.14, 0.11, 0.24, 2082.00, 1708.00, 4926.00, 12362.00, -6768.00, 7478.00, 3.22, -1.81, -3.87, -3206.00, 1170.00, -2602.00
37991, -0.04, 0.00, 120, 2330, -16442.00, 1641.00, 2627.00, -0.13, 0.05, 0.21, 2146.00, 1664.00, 4935.00, 12347.00, -7695.00, 7705.00, 6.04, -2.29, -1.92, -3268.00, 1180.00, -2652.00
38032, -0.09, -0.04, 120, 2194, -16453.00, 1667.00, 2572.00, -0.11, 0.09, 0.29, 2072.00, 1698.00, 4966.00, 12635.00, -7475.00, 7306.00, 2.15, -3.10, -3.55, -3274.00, 1098.00, -2630.00
38073, -0.06, 0.01, 123, 2194, -16490.00, 1708.00, 2571.00, -0.14, 0.05, 0.27, 2012.00, 1670.00, 4972.00, 12685.00, -7573.00, 7281.00, 0.54, -2.01, -1.89, -3280.00, 1134.00, -2659.00
38116, -0.01, 0.04, 123, 1814, -16452.00, 1697.00, 2603.00, -0.14, 0.08, 0.24, 2056.00, 1666.00, 4930.00, 12830.00, -7445.00, 7533.00, -1.15, -0.59, -1.22, -3282.00, 1114.00, -2600.00
38157, -0.07, 0.06, 120, 1814, -16464.00, 1700.00, 2567.00, -0.10, 0.07, 0.22, 2050.00, 1610.00, 4938.00, 12947.00, -7363.00, 7687.00, -2.59, 0.19, 0.42, -3298.00, 1102.00, -2557.00
38197, 0.02, 0.03, 120, 1814, -16476.00, 1707.00, 2583.00, -0.18, 0.12, 0.25, 2046.00, 1668.00, 4933.00, 12785.00, -7765.00, 7774.00, -4.97, 2.83, 3.57, -3288.00, 1140.00, -2649.00
38230, -0.03, -0.03, 120, 665, -16479.00, 1711.00, 2559.00, -0.16, 0.11, 0.21, 2060.00, 1708.00, 4970.00, 12620.00, -8056.00, 7895.00, -3.56, 2.66, 2.73, -3258.00, 1132.00, -2603.00
38273, 0.00, 0.05, 118, 665, -16504.00, 1688.00, 2581.00, -0.14, 0.06, 0.24, 2018.00, 1680.00, 4927.00, 12673.00, -7891.00, 7972.00, -2.73, 3.37, 4.63, -3238.00, 1070.00, -2681.00
38315, -0.05, -0.04, 118, 2355, -16455.00, 1714.00, 2576.00, -0.17, 0.11, 0.25, 2066.00, 1724.00, 4896.00, 12548.00, -7826.00, 8160.00, -2.49, 5.05, 4.50, -3240.00, 1126.00, -2683.00
38353, -0.06, 0.13, 122, 2355, -16457.00, 1713.00, 2604.00, -0.15, 0.07, 0.20, 2036.00, 1692.00, 4897.00, 13079.00, -7300.00, 7691.00, -5.03, 5.88, 9.57, -3212.00, 1134.00, -2669.00
38392, -0.05, 0.02, 122, 2355, -16451.00, 1683.00, 2618.00, -0.13, 0.05, 0.22, 2038.00, 1724.00, 4926.00, 13828.00, -6720.00, 7025.00, -17.14, 17.56, 30.87, -3124.00, 1294.00, -2707.00
38425, -0.04, -0.05, 122, 701, -16465.00, 1696.00, 2605.00, -0.17, 0.06, 0.23, 2028.00, 1718.00, 4920.00, 13728.00, -5066.00, 6369.00, -31.82, 28.56, 43.02, -3100.00, 1354.00, -2710.00
38459, 0.00, -0.03, 122, 701, -16464.00, 1684.00, 2632.00, -0.16, 0.02, 0.22, 2048.00, 1634.00, 4881.00, 12920.00, -6369.00, 8555.00, -42.27, 36.62, 54.87, -2998.00, 1562.00, -2744.00
38492, 0.06, -0.04, 122, 2611, -16460.00, 1735.00, 2587.00, -0.14, 0.04, 0.28, 2018.00, 1706.00, 4934.00, 12064.00, -7941.00, 8339.00, -54.14, 44.38, 42.02, -2924.00, 1694.00, -2791.00
38534, -0.03, -0.02, 120, 2611, -16483.00, 1639.00, 2551.00, -0.11, 0.13, 0.25, 2072.00, 1672.00, 4874.00, 10617.00, -9360.00, 7060.00, -64.17, 42.12, 28.70, -2760.00, 1938.00, -2775.00
38568, -0.03, 0.09, 120, 2611, -16456.00, 1715.00, 2675.00, -0.10, 0.06, 0.31, 1976.00, 1706.00, 4873.00, 9196.00, -12781.00, 6904.00, -60.28, 38.74, 22.84, -2670.00, 2116.00, -2852.00
38602, -0.06, 0.01, 120, 1937, -16469.00, 1712.00, 2548.00, -0.20, 0.15, 0.29, 2018.00, 1704.00, 4929.00, 8909.00, -12998.00, 7382.00, -44.22, 41.40, 7.56, -2610.00, 2244.00, -2833.00
38635, -0.07, 0.02, 122, 1937, -16450.00, 1728.00, 2635.00, -0.10, 0.12, 0.25, 2024.00, 1634.00, 4912.00, 8546.00, -13121.00, 7429.00, -22.65, 26.20, 2.90, -2526.00, 2280.00, -2846.00
38678, 0.03, 0.02, 122, 2452, -16431.00, 1555.00, 2577.00, -0.21, 0.05, 0.15, 2046.00, 1688.00, 4908.00, 9019.00, -12452.00, 7640.00, -9.65, 21.11, -5.38, -2470.00, 2336.00, -2875.00
38720, 0.01, 0.01, 119, 2452, -16473.00, 1737.00, 2591.00, -0.16, 0.10, 0.26, 2034.00, 1698.00, 4878.00, 9491.00, -12018.00, 7950.00, 3.03, 17.43, -2.03, -2436.00, 2316.00, -2856.00
38755, -0.05, -0.03, 119, 2452, -16460.00, 1705.00, 2582.00, -0.13, 0.10, 0.25, 2094.00, 1670.00, 4904.00, 9374.00, -11549.00, 7993.00, 4.80, 19.09, -0.10, -2450.00, 2312.00, -2927.00
38789, -0.11, -0.01, 119, 870, -16453.00, 1699.00, 2564.00, -0.16, 0.09, 0.20, 2034.00, 1664.00, 4893.00, 9636.00, -10961.00, 8309.00, 9.67, 17.00, -6.15, -2424.00, 2328.00, -2903.00
38832, -0.03, -0.01, 123, 870, -16435.00, 1706.00, 2621.00, -0.17, 0.07, 0.23, 2020.00, 1654.00, 4880.00, 9360.00, -11338.00, 8507.00, 13.60, 12.85, -13.76, -2382.00, 2266.00, -2984.00
38865, -0.04, -0.03, 123, 1422, -16477.00, 1702.00, 2589.00, -0.17, 0.12, 0.24, 2070.00, 1666.00, 4926.00, 9204.00, -11435.00, 8655.00, 21.97, 12.39, -17.82, -2378.00, 2140.00, -2992.00
38906, 0.05, -0.02, 119, 1422, -16475.00, 1724.00, 2619.00, -0.14, 0.08, 0.25, 2052.00, 1710.00, 4894.00, 9552.00, -11104.00, 8921.00, 30.97, 7.98, -23.48, -2374.00, 2096.00, -3047.00
38940, 0.02, -0.01, 119, 1422, -16491.00, 1693.00, 2602.00, -0.14, 0.11, 0.21, 1976.00, 1608.00, 4852.00, 9212.00, -11171.00, 8870.00, 30.04, 6.64, -28.65, -2370.00, 1980.00, -3041.00
38973, -0.08, -0.08, 119, 2465, -16467.00, 1729.00, 2560.00, -0.11, 0.07, 0.27, 2008.00, 1676.00, 4856.00, 9385.00, -10538.00, 9490.00, 33.36, 4.98, -49.66, -2422.00, 1854.00, -3082.00
39007, -0.08, -0.05, 121, 2465, -16484.00, 1724.00, 2606.00, -0.14, 0.05, 0.22, 2038.00, 1674.00, 4871.00, 9382.00, -9945.00, 9707.00, 37.42, 2.80, -56.56, -2492.00, 1734.00, -3136.00
39045, 0.04, -0.02, 121, 2465, -16483.00, 1733.00, 2571.00, -0.11, 0.09, 0.29, 2060.00, 1678.00, 4915.00, 10151.00, -9448.00, 10201.00, 48.09, -6.16, -57.38, -2572.00, 1500.00, -3150.00
39078, -0.06, -0.06, 121, 3689, -16468.00, 1705.00, 2598.00, -0.13, 0.09, 0.26, 2006.00, 1680.00, 4902.00, 10905.00, -8074.00, 9457.00, 56.64, -2.61, -46.62, -2644.00, 1288.00, -3122.00
39111, 0.04, -0.03, 120, 3689, -16474.00, 1696.00, 2590.00, -0.18, 0.10, 0.26, 2006.00, 1690.00, 4933.00, 10796.00, -6898.00, 9385.00, 55.34, -6.55, -29.62, -2654.00, 1154.00, -3224.00
39145, 0.02, -0.07, 120, 1269, -16447.00, 1728.00, 2584.00, -0.13, 0.07, 0.23, 2058.00, 1724.00, 4898.00, 10803.00, -6245.00, 9799.00, 52.68, -8.70, -30.10, -2664.00, 978.00, -3199.00
39185, 0.00, 0.06, 121, 1269, -16480.00, 1678.00, 2601.00, -0.08, 0.03, 0.21, 2050.00, 1652.00, 4903.00, 11912.00, -5076.00, 9357.00, 44.47, -7.93, -18.49, -2702.00, 766.00, -3179.00
39224, 0.00, 0.02, 121, 1269, -16455.00, 1722.00, 2569.00, -0.10, 0.10, 0.26, 2008.00, 1698.00, 4871.00, 11771.00, -4804.00, 10384.00, 34.66, -5.68, -5.79, -2712.00, 640.00, -3134.00
39257, 0.04, 0.05, 121, 4450, -16462.00, 1722.00, 2611.00, -0.16, 0.09, 0.25, 2066.00, 1710.00, 4858.00, 11969.00, -5049.00, 10372.00, 30.88, -4.06, 11.88, -2736.00, 574.00, -3136.00
39299, 0.01, -0.03, 122, 4450, -16447.00, 1727.00, 2621.00, -0.15, 0.07, 0.30, 2076.00, 1708.00, 4934.00, 12150.00, -3998.00, 10564.00, 23.40, -3.09, 0.94, -2746.00, 522.00, -3185.00
39341, -0.03, -0.04, 122, 2226, -16488.00, 1692.00, 2553.00, -0.16, 0.04, 0.22, 2008.00, 1688.00, 4916.00, 11885.00, -4492.00, 10723.00, 10.75, -0.22, 9.32, -2726.00, 574.00, -3178.00
39374, 0.03, 0.03, 122, 2226, -16478.00, 1716.00, 2596.00, -0.13, 0.12, 0.28, 2026.00, 1726.00, 4877.00, 11793.00, -4499.00, 10448.00, 5.93, 4.77, 9.68, -2726.00, 606.00, -3216.00
39411, -0.03, 0.09, 122, 2226, -16462.00, 1717.00, 2608.00, -0.17, 0.14, 0.23, 2098.00, 1686.00, 4880.00, 11442.00, -4732.00, 10293.00, -4.20, 5.50, 11.94, -2714.00, 582.00, -3255.00
39445, 0.00, 0.02, 122, 1215, -16429.00, 1693.00, 2603.00, -0.14, 0.07, 0.23, 2096.00, 1692.00, 4880.00, 11104.00, -5158.00, 10372.00, -7.60, 5.71, 7.05, -2682.00, 622.00, -3229.00
39478, 0.02, -0.00, 122, 1215, -16459.00, 1712.00, 2605.00, -0.08, 0.07, 0.26, 2078.00, 1678.00, 4912.00, 12876.00, -4932.00, 11764.00, -13.76, 3.75, 10.47, -2660.00, 642.00, -3271.00
39514, 0.02, 0.08, 122, 1215, -16479.00, 1682.00, 2612.00, -0.16, 0.05, 0.17, 2004.00, 1728.00, 4905.00, 11535.00, -5807.00, 11148.00, -19.02, 14.02, 5.57, -2686.00, 706.00, -3275.00
39560, -0.03, -0.05, 122, 1988, -16456.00, 1736.00, 2598.00, -0.14, 0.11, 0.22, 2020.00, 1654.00, 4854.00, 10483.00, -5778.00, 11787.00, -23.37, 0.39, -2.78, -2668.00, 778.00, -3286.00
39598, 0.03, -0.01, 122, 1988, -16484.00, 1697.00, 2588.00, -0.16, 0.11, 0.25, 2076.00, 1752.00, 4899.00, 11623.00, -6499.00, 11073.00, -16.45, 0.84, 0.38, -2632.00, 814.00, -3354.00
39641, 0.01, 0.00, 122, 4279, -16470.00, 1722.00, 2610.00, -0.14, 0.08, 0.22, 2102.00, 1690.00, 4931.00, 10597.00, -7105.00, 11555.00, -14.44, -2.47, 5.46, -2746.00, 944.00, -3321.00
39683, 0.03, 0.05, 119, 4279, -16489.00, 1693.00, 2603.00, -0.14, 0.06, 0.23, 2060.00, 1688.00, 4880.00, 10667.00, -7117.00, 11823.00, -4.73, -7.13, -9.06, -2662.00, 982.00, -3292.00
39724, -0.01, 0.04, 119, 2410, -16480.00, 1769.00, 2582.00, -0.17, 0.08, 0.23, 1954.00, 1670.00, 4916.00, 11699.00, -6534.00, 10575.00, 0.18, -10.41, -3.31, -2712.00, 922.00, -3312.00
39757, -0.00, 0.06, 122, 2410, -16430.00, 1692.00, 2575.00, -0.16, 0.11, 0.25, 2016.00, 1694.00, 4883.00, 11297.00, -6249.00, 10590.00, 1.55, -10.25, 0.49, -2702.00, 928.00, -3290.00
39794, 0.01, 0.06, 122, 2410, -16410.00, 1712.00, 2603.00, -0.18, 0.02, 0.21, 2012.00, 1690.00, 4866.00, 11613.00, -5815.00, 9178.00, -1.51, -10.11, -5.67, -2766.00, 964.00, -3241.00
39828, -0.01, 0.00, 122, 1738, -16462.00, 1714.00, 2576.00, -0.14, 0.11, 0.23, 2018.00, 1672.00, 4896.00, 11221.00, -5709.00, 10625.00, -9.47, -10.07, -3.18, -2790.00, 892.00, -3280.00
39861, 0.04, 0.01, 121, 1738, -16463.00, 1695.00, 2559.00, -0.14, 0.06, 0.25, 2072.00, 1656.00, 4929.00, 11785.00, -5781.00, 10218.00, -15.25, -17.50, -16.38, -2834.00, 910.00, -3213.00
39895, 0.03, -0.03, 121, 1411, -16474.00, 1678.00, 2588.00, -0.16, 0.08, 0.27, 1986.00, 1642.00, 4918.00, 11884.00, -6038.00, 10125.00, -13.72, -19.60, -17.98, -2868.00, 970.00, -3177.00
39937, -0.02, 0.04, 121, 1411, -16456.00, 1685.00, 2571.00, -0.15, 0.11, 0.22, 2080.00, 1680.00, 4927.00, 12592.00, -5764.00, 9902.00, -12.46, -8.41, -28.10, -2924.00, 928.00, -3173.00
39974, -0.05, 0.01, 121, 1411, -16444.00, 1676.00, 2601.00, -0.15, 0.07, 0.21, 2056.00, 1682.00, 4903.00, 12309.00, -5783.00, 9757.00, -4.27, -1.14, -14.35, -2960.00, 886.00, -3184.00
40008, -0.03, 0.06, 121, 2121, -16498.00, 1743.00, 2555.00, -0.16, 0.09, 0.25, 2006.00, 1654.00, 4913.00, 11471.00, -6530.00, 9727.00, -25.21, -4.76, 16.35, -2934.00, 1006.00, -3205.00
40042, -0.05, -0.03, 121, 2121, -16466.00, 1780.00, 2610.00, -0.10, 0.14, 0.28, 2014.00, 1674.00, 4891.00, 11814.00, -7638.00, 9628.00, -14.14, -5.12, -9.43, -2956.00, 1024.00, -3153.00
40084, -0.00, 0.03, 121, 3063, -16470.00, 1687.00, 2585.00, -0.13, 0.08, 0.23, 1978.00, 1644.00, 4837.00, 12179.00, -7192.00, 9563.00, 1.93, -3.26, 0.36, -2958.00, 1020.00, -3188.00
40126, 0.04, -0.03, 121, 3063, -16447.00, 1699.00, 2618.00, -0.13, 0.07, 0.24, 2008.00, 1682.00, 4939.00, 13154.00, -6114.00, 9594.00, 9.68, -0.98, 1.92, -2960.00, 1052.00, -3135.00
40162, -0.00, 0.07, 121, 3063, -16459.00, 1704.00, 2587.00, -0.18, 0.08, 0.21, 2004.00, 1646.00, 4833.00, 11820.00, -6535.00, 9797.00, 12.69, 3.82, 19.24, -2902.00, 936.00, -3087.00
40195, -0.04, -0.04, 121, 2120, -16477.00, 1722.00, 2600.00, -0.11, 0.06, 0.30, 2058.00, 1700.00, 4886.00, 11792.00, -5865.00, 11260.00, 8.71, 4.03, 10.29, -2950.00, 1012.00, -3105.00
40228, -0.01, -0.00, 121, 2120, -16468.00, 1722.00, 2607.00, -0.13, 0.03, 0.17, 2010.00, 1708.00, 4902.00, 14557.00, -3988.00, 11647.00, -22.04, -13.21, 25.72, -2904.00, 1004.00, -3124.00
40267, -0.02, -0.03, 121, 3660, -16429.00, 1661.00, 2512.00, -0.07, 0.14, 0.34, 1998.00, 1692.00, 4915.00, 12174.00, -7323.00, 9350.00, 1.74, -15.62, -13.96, -2954.00, 1004.00, -3075.00
40308, 0.09, 0.04, 120, 3660, -16453.00, 1700.00, 2638.00, -0.16, 0.05, 0.22, 2034.00, 1660.00, 4972.00, 13114.00, -5708.00, 9059.00, 0.91, 1.81, -7.49, -2948.00, 974.00, -3094.00
40348, -0.02, 0.06, 120, 3660, -16460.00, 1687.00, 2582.00, -0.17, 0.04, 0.22, 2026.00, 1666.00, 4947.00, 12894.00, -5825.00, 9277.00, 3.85, -1.87, -2.38, -2942.00, 934.00, -3010.00
40381, 0.01, 0.01, 120, 4481, -16472.00, 1732.00, 2568.00, -0.09, 0.09, 0.26, 2028.00, 1620.00, 4916.00, 12817.00, -6253.00, 8878.00, -1.69, 7.90, 5.51, -2924.00, 964.00, -3098.00
40414, 0.00, -0.02, 121, 4481, -16464.00, 1718.00, 2616.00, -0.15, 0.07, 0.24, 2022.00, 1654.00, 4917.00, 12275.00, -6119.00, 8525.00, -0.46, 11.06, -0.85, -2926.00, 942.00, -3063.00
40450, 0.00, 0.09, 121, 4481, -16478.00, 1718.00, 2567.00, -0.12, 0.07, 0.27, 2034.00, 1702.00, 4866.00, 11357.00, -5691.00, 8995.00, -0.67, 8.05, -0.31, -2886.00, 922.00, -3091.00
40495, 0.02, 0.02, 120, 2144, -16497.00, 1681.00, 2534.00, -0.12, 0.09, 0.27, 2062.00, 1650.00, 4928.00, 11771.00, -5773.00, 8692.00, -5.39, 0.19, 5.11, -2890.00, 954.00, -3163.00
40534, -0.01, 0.02, 120, 2144, -16453.00, 1717.00, 2587.00, -0.15, 0.07, 0.21, 2030.00, 1590.00, 4892.00, 12054.00, -6082.00, 8485.00, -10.25, 1.51, 2.44, -2896.00, 1028.00, -3104.00
40576, 0.01, -0.07, 120, 1489, -16481.00, 1716.00, 2559.00, -0.13, 0.11, 0.23, 2038.00, 1638.00, 4877.00, 12073.00, -5893.00, 10142.00, -12.64, -0.72, 15.80, -2898.00, 1078.00, -3151.00
40609, -0.00, 0.04, 120, 1489, -16457.00, 1701.00, 2603.00, -0.14, 0.07, 0.27, 1994.00, 1692.00, 4932.00, 11534.00, -6842.00, 10453.00, -18.31, -0.38, 19.92, -2848.00, 1158.00, -3118.00
40643, -0.03, -0.03, 120, 1051, -16460.00, 1712.00, 2598.00, -0.17, 0.13, 0.21, 2022.00, 1696.00, 4931.00, 11716.00, -7420.00, 10406.00, -15.72, -2.02, 9.96, -2816.00, 1210.00, -3179.00
40685, -0.03, 0.01, 122, 1051, -16497.00, 1696.00, 2594.00, -0.11, 0.09, 0.26, 1992.00, 1658.00, 4916.00, 11677.00, -7598.00, 10573.00, -5.60, -6.69, 0.45, -2942.00, 1242.00, -3189.00
40723, 0.01, -0.00, 122, 1051, -16490.00, 1710.00, 2597.00, -0.12, 0.07, 0.22, 2040.00, 1642.00, 4886.00, 12356.00, -7016.00, 10304.00, -1.73, -6.88, -0.37, -2936.00, 1286.00, -3155.00
40756, 0.02, 0.08, 122, 919, -16459.00, 1701.00, 2640.00, -0.11, 0.05, 0.27, 2062.00, 1702.00, 4933.00, 12039.00, -7319.00, 9537.00, 5.15, -3.72, 4.50, -2902.00, 1276.00, -3170.00
40799, -0.04, -0.02, 121, 919, -16454.00, 1732.00, 2592.00, -0.15, 0.08, 0.28, 2042.00, 1724.00, 4884.00, 11663.00, -7266.00, 9552.00, 1.74, -4.73, -1.23, -2974.00, 1212.00, -3129.00
40841, -0.04, 0.04, 121, 3085, -16458.00, 1717.00, 2601.00, -0.11, 0.07, 0.24, 1968.00, 1712.00, 4877.00, 12643.00, -6605.00, 9576.00, 8.08, -4.88, -10.17, -2924.00, 1190.00, -3085.00
40883, 0.07, 0.09, 123, 3085, -16464.00, 1702.00, 2617.00, -0.10, 0.04, 0.25, 2014.00, 1656.00, 4947.00, 12579.00, -5900.00, 9117.00, 5.08, -0.39, -8.12, -2982.00, 1144.00, -3129.00
40926, -0.02, -0.03, 123, 1206, -16493.00, 1711.00, 2584.00, -0.12, 0.11, 0.24, 2080.00, 1678.00, 4910.00, 12405.00, -5975.00, 9430.00, -4.76, 2.31, -1.55, -2976.00, 1102.00, -3097.00
40963, 0.07, 0.02, 121, 1206, -16499.00, 1715.00, 2592.00, -0.17, 0.08, 0.24, 1974.00, 1638.00, 4945.00, 12231.00, -6236.00, 9611.00, -10.35, 4.74, 6.89, -2942.00, 1164.00, -3097.00
40996, 0.05, 0.03, 121, 1206, -16457.00, 1726.00, 2599.00, -0.15, 0.13, 0.22, 2006.00, 1660.00, 4879.00, 12055.00, -7013.00, 9749.00, -14.38, 5.15, 5.01, -2952.00, 1236.00, -3154.00
41029, 0.01, 0.02, 121, 1052, -16456.00, 1717.00, 2601.00, -0.09, 0.04, 0.28, 2072.00, 1706.00, 4909.00, 11739.00, -7676.00, 9950.00, -9.15, 4.66, 10.07, -2952.00, 1258.00, -3131.00
41062, 0.01, 0.03, 121, 1052, -16470.00, 1742.00, 2585.00, -0.16, 0.07, 0.23, 2082.00, 1700.00, 4954.00, 11429.00, -7770.00, 10243.00, -3.30, 3.22, -5.99, -2890.00, 1272.00, -3116.00
41100, 0.03, 0.09, 121, 1052, -16461.00, 1703.00, 2638.00, -0.14, 0.11, 0.23, 1986.00, 1654.00, 4946.00, 11819.00, -7581.00, 9896.00, 3.71, -0.75, 2.60, -2894.00, 1240.00, -3145.00
41133, -0.01, 0.06, 121, 1013, -16451.00, 1720.00, 2558.00, -0.15, 0.05, 0.25, 2004.00, 1660.00, 4956.00, 11539.00, -7489.00, 9626.00, 13.89, -5.28, -6.28, -2888.00, 1214.00, -3075.00
41166, -0.01, 0.01, 121, 1013, -16457.00, 1718.00, 2620.00, -0.09, 0.07, 0.27, 2038.00, 1670.00, 4891.00, 11636.00, -6989.00, 10395.00, 19.36, -6.00, -17.78, -2928.00, 1122.00, -3123.00
41207, 0.04, 0.07, 121, 1624, -16476.00, 1721.00, 2607.00, -0.15, 0.13, 0.21, 2024.00, 1680.00, 4942.00, 11627.00, -6672.00, 10630.00, 19.46, -7.18, -20.57, -3010.00, 1084.00, -3113.00
41250, -0.03, 0.12, 121, 1624, -16462.00, 1713.00, 2581.00, -0.14, 0.04, 0.19, 2048.00, 1682.00, 4959.00, 12796.00, -5776.00, 9842.00, 21.14, -13.21, -33.30, -2992.00, 926.00, -3080.00
41288, -0.00, 0.10, 121, 1624, -16464.00, 1702.00, 2605.00, -0.12, 0.11, 0.21, 2106.00, 1702.00, 4882.00, 12964.00, -5322.00, 9308.00, 18.30, -9.83, -28.80, -3096.00, 778.00, -3104.00
41322, -0.03, -0.03, 121, 3841, -16472.00, 1721.00, 2580.00, -0.17, 0.06, 0.21, 2048.00, 1634.00, 4890.00, 12899.00, -4586.00, 8813.00, 14.00, -4.83, -5.55, -3036.00, 702.00, -3053.00
41355, 0.00, -0.03, 120, 3841, -16463.00, 1718.00, 2595.00, -0.16, 0.05, 0.26, 2096.00, 1714.00, 4927.00, 12745.00, -4490.00, 8119.00, 5.98, -0.96, -0.28, -3098.00, 660.00, -3036.00
41395, 0.02, 0.14, 120, 1010, -16481.00, 1709.00, 2556.00, -0.17, 0.08, 0.23, 2048.00, 1716.00, 4906.00, 14252.00, -4663.00, 8976.00, -0.69, 2.85, 15.00, -3026.00, 664.00, -3047.00
41436, -0.01, 0.01, 120, 1010, -16448.00, 1715.00, 2589.00, -0.18, 0.09, 0.24, 2066.00, 1708.00, 4882.00, 13368.00, -4752.00, 7658.00, -6.45, -1.14, 13.65, -2996.00, 690.00, -3082.00
41475, -0.01, 0.06, 120, 1010, -16468.00, 1699.00, 2615.00, -0.13, 0.13, 0.25, 2008.00, 1674.00, 4931.00, 12835.00, -5142.00, 7510.00, -13.99, 1.70, 8.77, -2992.00, 744.00, -3031.00
41518, 0.01, 0.07, 120, 856, -16464.00, 1699.00, 2573.00, -0.10, 0.04, 0.25, 2062.00, 1676.00, 4887.00, 12521.00, -5431.00, 9271.00, -19.70, 3.51, 15.55, -3036.00, 824.00, -3093.00
41561, 0.05, 0.01, 121, 856, -16466.00, 1683.00, 2606.00, -0.18, 0.06, 0.25, 2036.00, 1666.00, 4898.00, 12635.00, -5746.00, 9888.00, -25.64, 6.46, 19.52, -3052.00, 1000.00, -3112.00
41604, -0.02, 0.01, 121, 566, -16467.00, 1712.00, 2590.00, -0.19, 0.10, 0.19, 2040.00, 1662.00, 4914.00, 11897.00, -7046.00, 10062.00, -24.43, 6.98, 14.36, -2988.00, 1122.00, -3102.00
41645, 0.01, 0.04, 120, 566, -16460.00, 1698.00, 2606.00, -0.11, 0.09, 0.28, 2070.00, 1688.00, 4884.00, 10696.00, -7157.00, 11293.00, -16.65, -6.85, -8.59, -2998.00, 1178.00, -3128.00
41678, 0.03, -0.06, 120, 4193, -16463.00, 1693.00, 2601.00, -0.19, 0.04, 0.23, 2020.00, 1670.00, 4863.00, 11762.00, -6652.00, 9466.00, -16.55, -16.42, -22.57, -3000.00, 1154.00, -3027.00
41720, -0.05, -0.03, 121, 4193, -16456.00, 1718.00, 2597.00, -0.14, 0.06, 0.25, 2068.00, 1708.00, 4891.00, 12990.00, -6519.00, 9132.00, -11.59, -17.74, -27.18, -3096.00, 1150.00, -3002.00
41759, -0.02, 0.03, 121, 4193, -16461.00, 1729.00, 2622.00, -0.14, 0.11, 0.26, 2058.00, 1684.00, 4878.00, 13652.00, -6304.00, 9224.00, -8.61, -6.91, -3.01, -3128.00, 1200.00, -2949.00
41792, -0.00, 0.00, 121, 1024, -16500.00, 1707.00, 2521.00, -0.13, 0.07, 0.23, 2042.00, 1682.00, 4926.00, 13057.00, -6575.00, 9311.00, -8.86, -1.05, 10.00, -3146.00, 1106.00, -2972.00
41825, 0.02, 0.06, 123, 1024, -16495.00, 1708.00, 2590.00, -0.14, 0.14, 0.25, 2044.00, 1686.00, 4900.00, 12830.00, -6629.00, 8890.00, -4.11, -2.28, -0.94, -3202.00, 1224.00, -2941.00
41859, -0.01, 0.06, 123, 878, -16477.00, 1678.00, 2647.00, -0.19, 0.05, 0.23, 2100.00, 1646.00, 4919.00, 13081.00, -6728.00, 9072.00, -2.45, -0.53, -2.28, -3160.00, 1170.00, -2912.00
41902, 0.01, 0.01, 123, 878, -16463.00, 1706.00, 2572.00, -0.13, 0.03, 0.26, 2082.00, 1646.00, 4930.00, 13528.00, -6392.00, 9306.00, 0.00, 5.84, 5.66, -3206.00, 1186.00, -2994.00
41939, 0.00, 0.02, 123, 878, -16481.00, 1731.00, 2598.00, -0.17, 0.14, 0.26, 2040.00, 1638.00, 4896.00, 12724.00, -6685.00, 9479.00, -0.02, 10.22, 11.10, -3076.00, 1224.00, -2973.00
41972, -0.05, -0.09, 123, 2739, -16470.00, 1721.00, 2554.00, -0.17, 0.11, 0.26, 2024.00, 1638.00, 4915.00, 12765.00, -6250.00, 9300.00, 1.61, 9.76, 4.43, -3078.00, 1214.00, -2965.00
42006, -0.02, -0.04, 123, 2739, -16493.00, 1733.00, 2598.00, -0.11, 0.09, 0.25, 2028.00, 1668.00, 4864.00, 12724.00, -6328.00, 9534.00, -2.10, 12.10, 8.32, -3068.00, 1216.00, -2991.00
42048, 0.01, 0.01, 123, 3126, -16477.00, 1727.00, 2614.00, -0.13, 0.10, 0.28, 2062.00, 1674.00, 4903.00, 12614.00, -6414.00, 9921.00, -3.14, 16.59, 5.04, -3026.00, 1248.00, -3031.00
42091, -0.00, -0.04, 120, 3126, -16482.00, 1705.00, 2575.00, -0.13, 0.08, 0.25, 1960.00, 1674.00, 4910.00, 12250.00, -6710.00, 10083.00, -3.46, 14.76, 3.65, -2966.00, 1244.00, -3073.00
42129, 0.00, -0.03, 120, 3126, -16489.00, 1701.00, 2600.00, -0.11, 0.06, 0.27, 2062.00, 1698.00, 4941.00, 11945.00, -6661.00, 10083.00, -1.37, 12.09, -3.03, -2898.00, 1220.00, -3043.00
42162, 0.01, 0.03, 120, 1169, -16463.00, 1712.00, 2567.00, -0.17, 0.07, 0.25, 2084.00, 1658.00, 4886.00, 12037.00, -6988.00, 9613.00, -2.52, 9.90, -3.24, -2900.00, 1164.00, -3053.00
42195, -0.05, 0.09, 120, 1169, -16489.00, 1726.00, 2598.00, -0.13, 0.11, 0.25, 2036.00, 1684.00, 4908.00, 12022.00, -7059.00, 9481.00, 2.72, 8.11, -13.06, -2898.00, 1190.00, -3115.00
42237, -0.04, -0.05, 120, 1751, -16475.00, 1714.00, 2571.00, -0.11, 0.07, 0.21, 2040.00, 1692.00, 4927.00, 11842.00, -6365.00, 9506.00, 5.34, 7.65, -23.21, -2928.00, 1056.00, -3095.00
42279, -0.01, -0.00, 119, 1751, -16456.00, 1686.00, 2596.00, -0.15, 0.09, 0.22, 2042.00, 1690.00, 4900.00, 12131.00, -6443.00, 8997.00, 7.65, 5.11, -16.75, -2910.00, 1056.00, -3109.00
42318, 0.04, 0.04, 119, 1751, -16469.00, 1720.00, 2603.00, -0.16, 0.09, 0.24, 2072.00, 1640.00, 4813.00, 12334.00, -5961.00, 10205.00, 7.89, 5.02, -3.78, -2914.00, 922.00, -3084.00
42352, 0.01, -0.01, 119, 1275, -16460.00, 1725.00, 2579.00, -0.15, 0.07, 0.24, 2058.00, 1698.00, 4847.00, 12230.00, -6063.00, 10047.00, 8.26, 4.69, 3.13, -2854.00, 914.00, -3075.00
42385, 0.01, 0.07, 118, 1275, -16461.00, 1720.00, 2596.00, -0.13, 0.06, 0.23, 2074.00, 1658.00, 4927.00, 11892.00, -6108.00, 10398.00, 10.12, 3.21, -2.72, -2830.00, 902.00, -3099.00
42419, 0.00, 0.05, 118, 4102, -16480.00, 1723.00, 2599.00, -0.14, 0.12, 0.24, 2088.00, 1676.00, 4883.00, 12283.00, -5632.00, 10518.00, 10.74, 1.49, -10.99, -2870.00, 822.00, -3111.00
42452, -0.00, 0.02, 118, 4102, -16435.00, 1688.00, 2564.00, -0.16, 0.12, 0.24, 2048.00, 1664.00, 4871.00, 12009.00, -5484.00, 10212.00, 6.98, -1.54, -11.69, -2880.00, 780.00, -3030.00
42485, -0.04, -0.02, 118, 4102, -16476.00, 1732.00, 2614.00, -0.11, 0.06, 0.24, 2046.00, 1692.00, 4919.00, 12659.00, -5146.00, 9413.00, 6.93, -0.11, -15.76, -2826.00, 730.00, -3027.00
42519, 0.03, 0.03, 118, 3537, -16477.00, 1727.00, 2582.00, -0.16, 0.10, 0.21, 2092.00, 1636.00, 4884.00, 12195.00, -5245.00, 9089.00, 4.20, -1.66, -9.67, -2872.00, 658.00, -3045.00
42558, 0.01, 0.02, 121, 3537, -16473.00, 1715.00, 2594.00, -0.15, 0.11, 0.23, 2066.00, 1696.00, 4889.00, 12206.00, -5244.00, 9146.00, 4.97, 1.41, -9.88, -2876.00, 638.00, -3012.00
42596, -0.01, 0.04, 121, 3537, -16481.00, 1704.00, 2589.00, -0.16, 0.09, 0.25, 2014.00, 1678.00, 4935.00, 12319.00, -4832.00, 8785.00, 4.96, 2.83, -9.07, -2884.00, 624.00, -3016.00
42629, -0.01, 0.03, 121, 902, -16478.00, 1690.00, 2611.00, -0.18, 0.05, 0.22, 2054.00, 1692.00, 4925.00, 12025.00, -5047.00, 8901.00, 5.00, -1.17, -1.75, -2840.00, 588.00, -3011.00
42670, 0.02, 0.04, 123, 902, -16475.00, 1730.00, 2602.00, -0.12, 0.10, 0.25, 2016.00, 1682.00, 4873.00, 12649.00, -4509.00, 9232.00, 7.86, -0.14, 0.47, -2866.00, 548.00, -3092.00
42712, 0.01, 0.05, 123, 988, -16444.00, 1704.00, 2569.00, -0.13, 0.07, 0.25, 2088.00, 1690.00, 4884.00, 12203.00, -4603.00, 9272.00, 0.85, 4.45, 21.81, -2874.00, 592.00, -3063.00
42755, 0.03, 0.04, 121, 988, -16478.00, 1722.00, 2572.00, -0.16, 0.06, 0.22, 2042.00, 1680.00, 4873.00, 12590.00, -4907.00, 9009.00, -0.11, -0.38, 1.47, -2852.00, 564.00, -3012.00
42796, -0.10, 0.04, 121, 1632, -16486.00, 1697.00, 2600.00, -0.14, 0.08, 0.22, 2048.00, 1656.00, 4901.00, 12412.00, -4504.00, 9996.00, -4.19, 5.25, 6.35, -2868.00, 650.00, -3091.00
42833, 0.03, 0.07, 121, 1632, -16498.00, 1725.00, 2564.00, -0.11, 0.08, 0.22, 2058.00, 1642.00, 4857.00, 12097.00, -5110.00, 9835.00, -5.28, 1.29, 6.38, -2822.00, 596.00, -3071.00
42866, 0.02, -0.05, 120, 1632, -16455.00, 1699.00, 2601.00, -0.13, 0.12, 0.23, 2034.00, 1672.00, 4875.00, 12405.00, -5350.00, 10144.00, -5.49, -0.88, 1.11, -2848.00, 632.00, -3075.00
42899, -0.01, 0.04, 120, 4306, -16473.00, 1720.00, 2596.00, -0.17, 0.07, 0.26, 2066.00, 1664.00, 4885.00, 12064.00, -5353.00, 9805.00, -4.93, 2.55, 0.59, -2866.00, 656.00, -3080.00
42932, 0.00, 0.05, 122, 4306, -16469.00, 1717.00, 2578.00, -0.17, 0.11, 0.24, 2058.00, 1710.00, 4883.00, 12220.00, -5220.00, 9211.00, -2.77, 0.30, 3.78, -2832.00, 660.00, -3085.00
42968, -0.06, 0.01, 122, 4306, -16462.00, 1722.00, 2634.00, -0.12, 0.13, 0.21, 2086.00, 1648.00, 4881.00, 12295.00, -5239.00, 8671.00, -0.64, -2.58, 3.56, -2832.00, 688.00, -3081.00
43001, 0.01, 0.03, 122, 2686, -16496.00, 1744.00, 2561.00, -0.15, 0.11, 0.23, 2054.00, 1704.00, 4829.00, 12236.00, -5157.00, 9508.00, -3.41, 0.88, 6.06, -2796.00, 732.00, -3126.00
43043, -0.02, 0.05, 122, 2686, -16479.00, 1690.00, 2575.00, -0.15, 0.09, 0.25, 2090.00, 1678.00, 4819.00, 12281.00, -4774.00, 9802.00, -5.66, 0.93, 6.95, -2860.00, 750.00, -3167.00
43076, -0.06, -0.05, 122, 3354, -16460.00, 1712.00, 2624.00, -0.11, 0.05, 0.24, 2084.00, 1664.00, 4944.00, 12215.00, -5183.00, 10194.00, -11.52, 1.01, 14.28, -2858.00, 804.00, -3180.00
43115, -0.02, -0.01, 122, 3354, -16481.00, 1723.00, 2586.00, -0.17, 0.14, 0.23, 2082.00, 1694.00, 4857.00, 12598.00, -5002.00, 12012.00, -14.14, 0.14, 7.73, -2832.00, 868.00, -3168.00
43149, 0.02, -0.04, 118, 3354, -16459.00, 1667.00, 2596.00, -0.14, 0.07, 0.25, 2060.00, 1710.00, 4881.00, 12145.00, -6795.00, 9733.00, 4.28, 8.50, -14.72, -2840.00, 912.00, -3201.00
43182, -0.05, 0.05, 118, 2586, -16461.00, 1661.00, 2610.00, -0.21, 0.01, 0.22, 2012.00, 1728.00, 4910.00, 10710.00, -5734.00, 11983.00, -3.33, -5.74, -4.04, -2814.00, 880.00, -3189.00
43215, 0.00, -0.00, 121, 2586, -16484.00, 1686.00, 2540.00, -0.11, 0.09, 0.25, 2038.00, 1688.00, 4866.00, 12661.00, -5704.00, 11999.00, 1.22, -12.98, -13.16, -2856.00, 882.00, -3221.00
43255, -0.01, 0.05, 121, 2586, -16448.00, 1688.00, 2616.00, -0.11, 0.08, 0.28, 2044.00, 1718.00, 4913.00, 12623.00, -6087.00, 12710.00, 4.33, -7.80, 3.00, -2896.00, 904.00, -3150.00
43288, -0.02, -0.06, 121, 1432, -16430.00, 1666.00, 2631.00, -0.21, 0.09, 0.21, 2050.00, 1710.00, 4862.00, 12624.00, -5629.00, 12715.00, 5.89, -6.12, 2.31, -2932.00, 848.00, -3194.00
43322, -0.07, -0.02, 119, 1432, -16471.00, 1742.00, 2576.00, -0.15, 0.12, 0.20, 2030.00, 1698.00, 4898.00, 12614.00, -5362.00, 11819.00, 9.61, -1.54, -2.68, -2898.00, 802.00, -3168.00
43359, 0.05, -0.03, 119, 2236, -16468.00, 1672.00, 2613.00, -0.09, 0.08, 0.22, 2096.00, 1642.00, 4880.00, 12508.00, -5297.00, 11180.00, 8.13, 4.69, -0.43, -2944.00, 796.00, -3166.00
43392, -0.04, 0.02, 119, 2236, -16468.00, 1703.00, 2601.00, -0.11, 0.04, 0.25, 2064.00, 1656.00, 4910.00, 12288.00, -5229.00, 10388.00, 9.94, 1.91, -0.96, -2932.00, 750.00, -3163.00
43435, -0.00, -0.01, 123, 2236, -16471.00, 1723.00, 2608.00, -0.10, 0.07, 0.26, 2046.00, 1664.00, 4929.00, 12651.00, -4720.00, 10487.00, 8.13, 1.80, -6.98, -2880.00, 690.00, -3154.00
43468, -0.01, 0.10, 123, 2172, -16485.00, 1717.00, 2576.00, -0.17, 0.04, 0.24, 2104.00, 1696.00, 4904.00, 12528.00, -4737.00, 10601.00, 3.17, 2.03, 1.67, -2866.00, 630.00, -3168.00
43510, -0.01, 0.02, 120, 2172, -16456.00, 1712.00, 2574.00, -0.11, 0.07, 0.25, 2098.00, 1648.00, 4876.00, 12242.00, -4893.00, 10344.00, 1.70, 3.29, -1.58, -2868.00, 650.00, -3146.00
43551, -0.03, 0.08, 120, 2685, -16469.00, 1705.00, 2593.00, -0.11, 0.08, 0.23, 2028.00, 1730.00, 4924.00, 12265.00, -5018.00, 9567.00, -1.02, 2.03, -1.59, -2858.00, 656.00, -3155.00
43593, 0.00, 0.00, 121, 2685, -16463.00, 1707.00, 2595.00, -0.16, 0.08, 0.24, 2018.00, 1702.00, 4933.00, 12137.00, -5173.00, 9532.00, 0.52, 0.03, -4.82, -2876.00, 574.00, -3126.00
43635, -0.11, -0.01, 121, 1663, -16470.00, 1705.00, 2617.00, -0.14, 0.08, 0.23, 2028.00, 1704.00, 4885.00, 12295.00, -4978.00, 9051.00, 2.81, 1.11, 0.32, -2848.00, 546.00, -3087.00
43670, -0.00, -0.04, 121, 1663, -16482.00, 1719.00, 2586.00, -0.11, 0.14, 0.26, 2032.00, 1642.00, 4908.00, 12036.00, -4938.00, 9474.00, 1.75, -0.81, 1.22, -2884.00, 528.00, -3121.00
43703, 0.01, 0.03, 123, 1663, -16476.00, 1711.00, 2572.00, -0.14, 0.01, 0.24, 2034.00, 1700.00, 4888.00, 12320.00, -4787.00, 9525.00, 2.17, -0.21, -1.85, -2832.00, 482.00, -3080.00
43736, 0.00, -65.81, 123, 2955, -16463.00, 1732.00, 2645.00, -0.13, 0.10, 0.29, 2040.00, 1706.00, 4923.00, 12625.00, -4632.00, 8822.00, 2.10, -1.47, -2.30, -2836.00, 470.00, -3096.00
43777, -0.04, -0.04, 118, 2955, -16462.00, 1737.00, 2558.00, -0.18, 0.10, 0.23, 2062.00, 1644.00, 4876.00, 12638.00, -4267.00, 8109.00, 1.57, -0.08, 0.72, -2798.00, 548.00, -3064.00
43812, -0.02, 0.04, 118, 2955, -16441.00, 1712.00, 2612.00, -0.13, 0.07, 0.25, 2062.00, 1680.00, 4894.00, 12409.00, -4294.00, 8130.00, -2.60, 1.97, 0.28, -2830.00, 490.00, -3064.00
43846, 0.03, -0.00, 118, 1043, -16469.00, 1694.00, 2601.00, -0.14, 0.12, 0.22, 2054.00, 1668.00, 4912.00, 12410.00, -4359.00, 8494.00, -6.63, 0.62, 4.88, -2844.00, 554.00, -3088.00
43879, 0.05, 0.00, 121, 1043, -16463.00, 1703.00, 2600.00, -0.14, 0.07, 0.24, 1996.00, 1652.00, 4902.00, 12128.00, -4664.00, 9177.00, -13.42, 3.23, 6.85, -2836.00, 574.00, -3069.00
43921, 0.04, 0.08, 121, 1298, -16471.00, 1725.00, 2648.00, -0.11, 0.08, 0.26, 2048.00, 1690.00, 4906.00, 12185.00, -5437.00, 9243.00, -13.15, 1.97, 5.22, -2844.00, 618.00, -3119.00
43964, -0.02, -0.07, 122, 1298, -16475.00, 1724.00, 2561.00, -0.16, 0.09, 0.22, 2012.00, 1668.00, 4885.00, 12257.00, -5238.00, 9664.00, -10.29, 0.78, -2.87, -2836.00, 670.00, -3116.00
44002, -0.00, -0.07, 122, 1298, -16464.00, 1708.00, 2599.00, -0.15, 0.09, 0.20, 2034.00, 1662.00, 4880.00, 12231.00, -5500.00, 10582.00, -11.46, 3.34, 17.66, -2838.00, 764.00, -3124.00
44035, -0.02, -0.05, 122, 4553, -16454.00, 1702.00, 2623.00, -0.12, 0.08, 0.26, 2066.00, 1654.00, 4890.00, 11829.00, -5796.00, 10449.00, -10.91, 2.33, 14.02, -2830.00, 818.00, -3176.00
44068, -0.00, 0.03, 120, 4553, -16485.00, 1693.00, 2598.00, -0.18, 0.09, 0.25, 2018.00, 1630.00, 4925.00, 12460.00, -5591.00, 12002.00, -10.48, 0.46, 9.44, -2832.00, 852.00, -3239.00
44111, -0.04, -0.03, 120, 1174, -16473.00, 1706.00, 2598.00, -0.15, 0.08, 0.24, 2040.00, 1678.00, 4873.00, 11809.00, -6521.00, 14580.00, -16.99, 1.34, 12.87, -2800.00, 882.00, -3160.00
44144, -0.06, 0.00, 120, 1174, -16478.00, 1706.00, 2540.00, -0.15, 0.03, 0.23, 1992.00, 1684.00, 4904.00, 12112.00, -7306.00, 13740.00, -4.38, 1.63, 0.64, -2810.00, 974.00, -3156.00
44178, -0.04, 0.05, 120, 1174, -16464.00, 1722.00, 2621.00, -0.12, 0.07, 0.22, 1996.00, 1690.00, 4896.00, 11715.00, -7398.00, 11627.00, 10.82, -1.35, -11.68, -2778.00, 944.00, -3205.00
44211, 0.04, 0.00, 120, 3159, -16487.00, 1696.00, 2620.00, -0.14, 0.10, 0.23, 1974.00, 1698.00, 4857.00, 12266.00, -5941.00, 10056.00, 15.66, -0.20, -17.04, -2790.00, 798.00, -3160.00
44253, -0.01, 0.00, 120, 3159, -16487.00, 1727.00, 2585.00, -0.14, 0.09, 0.27, 1990.00, 1636.00, 4917.00, 11949.00, -5138.00, 9909.00, 14.21, -1.11, -1.88, -2832.00, 810.00, -3168.00
44290, -0.01, 0.03, 120, 1660, -16475.00, 1722.00, 2581.00, -0.15, 0.09, 0.26, 2016.00, 1648.00, 4928.00, 12360.00, -4831.00, 10355.00, 8.74, -1.06, -1.15, -2810.00, 682.00, -3124.00
44328, 0.05, 0.01, 120, 1660, -16462.00, 1720.00, 2569.00, -0.16, 0.07, 0.23, 2050.00, 1682.00, 4862.00, 11989.00, -5389.00, 10165.00, 6.19, -2.54, -8.93, -2814.00, 650.00, -3104.00
44361, -0.00, 0.11, 122, 1660, -16486.00, 1689.00, 2622.00, -0.14, 0.03, 0.24, 2000.00, 1712.00, 4908.00, 12107.00, -4897.00, 10036.00, 4.98, -3.23, -16.17, -2850.00, 674.00, -3133.00
44395, 0.07, 0.00, 122, 1880, -16440.00, 1698.00, 2573.00, -0.10, 0.05, 0.21, 1994.00, 1656.00, 4948.00, 11922.00, -4982.00, 9344.00, 1.33, -2.99, -5.71, -2804.00, 610.00, -3106.00
44437, 0.00, -0.03, 120, 1880, -16459.00, 1719.00, 2585.00, -0.19, 0.06, 0.21, 2052.00, 1672.00, 4895.00, 12479.00, -4937.00, 8598.00, 0.68, -1.61, -3.71, -2820.00, 586.00, -3058.00
44477, -0.04, 0.01, 120, 1052, -16490.00, 1693.00, 2575.00, -0.17, 0.08, 0.26, 2078.00, 1662.00, 4908.00, 12227.00, -4992.00, 7603.00, 3.19, -1.21, -3.75, -2824.00, 562.00, -3055.00
44516, -0.07, -0.07, 120, 1052, -16471.00, 1732.00, 2616.00, -0.08, 0.10, 0.24, 2038.00, 1674.00, 4890.00, 12412.00, -4689.00, 7454.00, 3.06, -1.62, -0.45, -2856.00, 518.00, -3054.00
44549, 0.04, -0.01, 123, 1052, -16473.00, 1694.00, 2601.00, -0.17, 0.10, 0.26, 2004.00, 1684.00, 4898.00, 12578.00, -4485.00, 7811.00, 1.72, -1.82, 0.82, -2828.00, 522.00, -3047.00
44591, -0.00, 0.06, 123, 1969, -16444.00, 1695.00, 2589.00, -0.16, 0.10, 0.27, 1980.00, 1672.00, 4859.00, 12061.00, -4880.00, 9907.00, -7.24, 2.04, 9.48, -2852.00, 544.00, -3104.00
44632, 0.04, 0.05, 124, 1969, -16474.00, 1734.00, 2600.00, -0.11, 0.11, 0.30, 2020.00, 1702.00, 4840.00, 11740.00, -5339.00, 9896.00, -6.39, -1.78, -4.55, -2870.00, 636.00, -3125.00
44670, 0.05, 0.02, 124, 1969, -16451.00, 1697.00, 2561.00, -0.18, 0.11, 0.23, 2010.00, 1672.00, 4889.00, 12565.00, -4909.00, 8963.00, -2.77, -4.48, -3.19, -2838.00, 598.00, -3077.00
44704, -0.12, -0.03, 124, 344, -16476.00, 1715.00, 2599.00, -0.14, 0.04, 0.25, 2090.00, 1680.00, 4837.00, 12420.00, -4776.00, 9701.00, -5.92, -1.93, 8.75, -2874.00, 696.00, -3112.00
44737, 0.02, 0.06, 120, 344, -16460.00, 1716.00, 2637.00, -0.13, 0.06, 0.23, 2022.00, 1698.00, 4864.00, 12195.00, -5255.00, 10957.00, -10.10, -1.79, 11.62, -2866.00, 770.00, -3120.00
44771, 0.01, 0.04, 120, 1915, -16487.00, 1714.00, 2599.00, -0.19, 0.12, 0.24, 2014.00, 1692.00, 4914.00, 12691.00, -5652.00, 11770.00, -12.99, -3.79, 9.94, -2810.00, 736.00, -3092.00
44814, -0.00, 0.00, 121, 1915, -16482.00, 1697.00, 2580.00, -0.09, 0.08, 0.19, 2030.00, 1694.00, 4904.00, 12599.00, -5918.00, 13715.00, -13.74, 0.50, 6.19, -2836.00, 858.00, -3085.00
44856, -0.06, -0.01, 121, 3370, -16452.00, 1725.00, 2627.00, -0.14, 0.09, 0.27, 2062.00, 1674.00, 4891.00, 12338.00, -6658.00, 12943.00, -5.25, 4.69, 5.05, -2812.00, 854.00, -3129.00
44891, 0.04, -0.07, 121, 3370, -16481.00, 1684.00, 2589.00, -0.17, 0.10, 0.20, 2052.00, 1702.00, 4908.00, 11967.00, -6586.00, 12156.00, 2.79, 0.98, -1.25, -2842.00, 830.00, -3090.00
44924, -0.05, 0.10, 122, 3370, -16466.00, 1714.00, 2602.00, -0.14, 0.07, 0.25, 2076.00, 1722.00, 4878.00, 12321.00, -5919.00, 10270.00, 11.33, 0.67, -11.14, -2844.00, 820.00, -3104.00
44958, -0.02, -0.07, 122, 2802, -16463.00, 1729.00, 2584.00, -0.19, 0.11, 0.20, 2072.00, 1628.00, 4895.00, 12404.00, -5217.00, 9736.00, 11.54, -0.42, -7.51, -2824.00, 712.00, -3134.00
45001, 0.03, -0.04, 120, 2802, -16453.00, 1658.00, 2605.00, -0.14, 0.11, 0.22, 2048.00, 1664.00, 4908.00, 12190.00, -4717.00, 10374.00, 7.01, 1.78, -2.56, -2878.00, 728.00, -3107.00
45043, 0.01, 0.02, 120, 2203, -16468.00, 1707.00, 2579.00, -0.16, 0.06, 0.23, 2050.00, 1662.00, 4888.00, 12238.00, -4842.00, 10205.00, 1.91, 1.68, 1.05, -2836.00, 716.00, -2986.00
45076, 0.02, 0.04, 120, 2203, -16467.00, 1727.00, 2609.00, -0.14, 0.11, 0.28, 2098.00, 1734.00, 4909.00, 11958.00, -5249.00, 10587.00, 0.72, -2.18, -3.52, -2850.00, 646.00, -3076.00
45109, -0.00, 0.01, 124, 2203, -16463.00, 1700.00, 2600.00, -0.10, 0.08, 0.22, 2070.00, 1726.00, 4878.00, 12024.00, -5260.00, 10278.00, 0.68, -1.98, -4.56, -2816.00, 626.00, -3035.00
45142, -0.01, 0.02, 124, 1933, -16477.00, 1708.00, 2573.00, -0.16, 0.12, 0.23, 2040.00, 1704.00, 4898.00, 12083.00, -5368.00, 9139.00, 3.04, -2.78, -5.01, -2864.00, 594.00, -3088.00
45185, -0.00, -0.02, 120, 1933, -16476.00, 1738.00, 2607.00, -0.10, 0.10, 0.28, 2048.00, 1690.00, 4848.00, 12144.00, -5269.00, 8120.00, 4.97, -4.40, -5.32, -2870.00, 552.00, -3066.00
45222, 0.06, 0.05, 120, 1933, -16485.00, 1723.00, 2590.00, -0.11, 0.08, 0.30, 2022.00, 1674.00, 4861.00, 12441.00, -4762.00, 6602.00, 6.55, -1.45, -5.93, -2886.00, 574.00, -3052.00
45255, 0.04, 0.08, 120, 1919, -16455.00, 1679.00, 2585.00, -0.18, 0.07, 0.22, 2048.00, 1670.00, 4887.00, 12670.00, -4554.00, 6464.00, 7.28, -3.40, -4.76, -2830.00, 542.00, -3051.00
45288, -0.05, 0.03, 124, 1919, -16483.00, 1726.00, 2638.00, -0.19, 0.11, 0.23, 2086.00, 1744.00, 4898.00, 12700.00, -4366.00, 7771.00, 1.88, -1.64, 8.76, -2886.00, 526.00, -3039.00
45322, 0.02, 0.04, 124, 1989, -16464.00, 1732.00, 2566.00, -0.10, 0.05, 0.27, 2108.00, 1748.00, 4915.00, 12447.00, -4311.00, 9835.00, -1.60, 3.99, 11.68, -2794.00, 540.00, -3083.00
45358, -0.01, -0.07, 124, 1989, -16508.00, 1718.00, 2568.00, -0.12, 0.10, 0.25, 2066.00, 1722.00, 4903.00, 12116.00, -4764.00, 10435.00, -5.74, 1.74, 10.26, -2824.00, 582.00, -3083.00
45400, -0.02, 0.06, 119, 1989, -16460.00, 1704.00, 2567.00, -0.13, 0.05, 0.24, 2056.00, 1636.00, 4897.00, 12203.00, -5328.00, 9467.00, -4.21, -1.37, 4.15, -2868.00, 654.00, -3098.00
45442, -0.03, -0.11, 119, 3049, -16442.00, 1696.00, 2591.00, -0.21, 0.07, 0.18, 2052.00, 1702.00, 4854.00, 12413.00, -4993.00, 9552.00, -4.50, 0.83, 8.10, -2838.00, 688.00, -3144.00
45475, -0.06, 0.05, 123, 3049, -16468.00, 1693.00, 2610.00, -0.11, 0.07, 0.23, 2048.00, 1660.00, 4894.00, 12004.00, -5190.00, 9538.00, -6.20, -0.79, 12.53, -2886.00, 742.00, -3112.00
45508, -0.03, -0.01, 123, 1802, -16469.00, 1745.00, 2567.00, -0.17, 0.10, 0.19, 2070.00, 1688.00, 4886.00, 12247.00, -5360.00, 10402.00, -8.04, -3.05, 8.64, -2884.00, 776.00, -3118.00
45542, -0.04, -0.04, 123, 1802, -16441.00, 1702.00, 2605.00, -0.10, 0.10, 0.27, 2020.00, 1684.00, 4891.00, 12567.00, -5107.00, 12485.00, -11.83, -3.14, 4.52, -2878.00, 818.00, -3148.00
45582, -0.07, -0.02, 123, 1802, -16475.00, 1722.00, 2553.00, -0.13, 0.14, 0.29, 2116.00, 1700.00, 4871.00, 12809.00, -7359.00, 12947.00, -15.24, -1.74, 6.99, -2830.00, 882.00, -3150.00
45616, -0.03, -0.05, 123, 1942, -16456.00, 1690.00, 2580.00, -0.13, 0.06, 0.21, 2036.00, 1670.00, 4903.00, 12491.00, -6994.00, 11675.00, -6.90, 1.69, -9.70, -2912.00, 908.00, -3130.00
45658, 0.01, -0.01, 120, 1942, -16450.00, 1724.00, 2587.00, -0.13, 0.06, 0.22, 2076.00, 1666.00, 4854.00, 12379.00, -6299.00, 12647.00, 6.75, -0.55, -2.79, -2864.00, 856.00, -3143.00
45700, 0.02, -0.04, 120, 2545, -16477.00, 1687.00, 2598.00, -0.17, 0.06, 0.25, 1984.00, 1676.00, 4834.00, 12778.00, -7155.00, 11576.00, 9.41, 2.25, 6.47, -2826.00, 866.00, -3102.00
45735, -0.03, 0.03, 120, 2545, -16442.00, 1711.00, 2626.00, -0.13, 0.04, 0.25, 2084.00, 1704.00, 4838.00, 12321.00, -6018.00, 11212.00, 9.07, -1.38, -8.92, -2844.00, 804.00, -3083.00
45769, 0.02, 0.04, 123, 2545, -16456.00, 1711.00, 2605.00, -0.17, 0.03, 0.25, 2010.00, 1728.00, 4895.00, 12201.00, -5631.00, 11126.00, 8.41, 2.03, -8.09, -2842.00, 790.00, -3063.00
45802, -0.02, -0.07, 123, 3962, -16463.00, 1700.00, 2589.00, -0.13, 0.03, 0.24, 2104.00, 1722.00, 4923.00, 11870.00, -5572.00, 10310.00, 11.10, -0.27, -9.63, -2844.00, 712.00, -3085.00
45844, -0.00, -0.02, 122, 3962, -16476.00, 1715.00, 2609.00, -0.14, 0.08, 0.25, 2030.00, 1610.00, 4886.00, 12104.00, -5043.00, 9477.00, 9.76, -4.08, -14.41, -2828.00, 634.00, -3048.00
45881, 0.04, -0.01, 122, 4238, -16441.00, 1691.00, 2578.00, -0.17, 0.06, 0.21, 2008.00, 1664.00, 4889.00, 12087.00, -5016.00, 8761.00, 6.87, -4.28, -3.37, -2848.00, 606.00, -3034.00
45915, -0.02, -0.01, 122, 4238, -16445.00, 1715.00, 2593.00, -0.12, 0.11, 0.26, 1958.00, 1682.00, 4920.00, 12210.00, -4930.00, 8336.00, 6.34, -3.01, -9.25, -2894.00, 526.00, -3006.00
45952, -0.01, 0.08, 120, 4238, -16456.00, 1701.00, 2533.00, -0.13, 0.11, 0.21, 1970.00, 1668.00, 4938.00, 12147.00, -4892.00, 7286.00, 6.15, -4.69, -16.22, -2878.00, 540.00, -3022.00
45995, -0.03, 0.04, 120, 3014, -16478.00, 1711.00, 2619.00, -0.13, 0.08, 0.24, 2044.00, 1668.00, 4909.00, 12673.00, -3904.00, 6740.00, 6.39, -3.33, -5.04, -2902.00, 406.00, -3027.00
46030, 0.02, 0.02, 119, 3014, -16481.00, 1684.00, 2614.00, -0.13, 0.03, 0.25, 2092.00, 1682.00, 4938.00, 12928.00, -4172.00, 5948.00, 3.77, -4.85, -1.87, -2946.00, 394.00, -3006.00
46073, -0.02, -0.01, 119, 1216, -16467.00, 1693.00, 2592.00, -0.15, 0.07, 0.28, 2048.00, 1668.00, 4878.00, 12634.00, -4398.00, 9158.00, -5.08, 2.91, 11.41, -2918.00, 524.00, -3042.00
46111, 0.01, -0.04, 119, 1216, -16455.00, 1696.00, 2554.00, -0.17, 0.06, 0.20, 2072.00, 1612.00, 4911.00, 12333.00, -4270.00, 10939.00, -5.55, 4.38, 10.10, -2962.00, 530.00, -3039.00
46144, -0.06, 0.05, 122, 1216, -16486.00, 1734.00, 2581.00, -0.10, 0.07, 0.26, 2044.00, 1692.00, 4915.00, 12081.00, -5478.00, 10502.00, -6.97, -1.51, 8.27, -2906.00, 580.00, -3022.00
46177, -0.00, 0.04, 122, 3061, -16481.00, 1695.00, 2607.00, -0.17, 0.11, 0.24, 2040.00, 1678.00, 4879.00, 12472.00, -5274.00, 9643.00, 0.52, -2.70, -0.63, -2900.00, 576.00, -3062.00
46220, -0.06, -0.08, 120, 3061, -16452.00, 1758.00, 2621.00, -0.18, 0.10, 0.24, 2120.00, 1696.00, 4890.00, 12587.00, -4482.00, 8952.00, -0.82, -0.27, 2.08, -2924.00, 590.00, -3072.00
46261, -0.01, -0.04, 120, 2169, -16485.00, 1709.00, 2552.00, -0.08, 0.12, 0.26, 2072.00, 1602.00, 4889.00, 12167.00, -5155.00, 9085.00, -1.47, -6.82, 12.55, -2914.00, 688.00, -3103.00
46299, -0.02, 0.03, 120, 2169, -16484.00, 1733.00, 2564.00, -0.16, 0.11, 0.20, 2002.00, 1684.00, 4939.00, 12706.00, -4544.00, 11590.00, -5.97, -7.09, 6.93, -2934.00, 742.00, -3095.00
46342, 0.05, 0.05, 123, 2169, -16457.00, 1692.00, 2572.00, -0.15, 0.11, 0.20, 2086.00, 1690.00, 4939.00, 13068.00, -5247.00, 13332.00, -15.93, -5.21, 7.53, -2920.00, 812.00, -3060.00
46375, -0.08, -0.02, 123, 2552, -16479.00, 1701.00, 2627.00, -0.11, 0.05, 0.24, 2020.00, 1694.00, 4943.00, 13254.00, -5775.00, 13929.00, -17.84, -1.97, 2.95, -2964.00, 854.00, -3039.00
46408, 0.02, 0.03, 123, 2552, -16453.00, 1694.00, 2575.00, -0.21, 0.04, 0.22, 2066.00, 1666.00, 4865.00, 13146.00, -6292.00, 13094.00, -10.11, 7.18, 3.43, -2966.00, 904.00, -3113.00
46449, -0.01, 0.05, 123, 2157, -16464.00, 1723.00, 2576.00, -0.11, 0.09, 0.24, 2068.00, 1652.00, 4896.00, 12287.00, -6833.00, 11949.00, -1.78, 5.91, 1.70, -2914.00, 918.00, -3131.00
46485, -0.01, 0.05, 123, 2157, -16475.00, 1691.00, 2589.00, -0.15, 0.03, 0.24, 2108.00, 1674.00, 4920.00, 12618.00, -6314.00, 12298.00, 7.55, 4.46, -3.86, -2936.00, 888.00, -3089.00
46518, 0.02, -0.03, 120, 2157, -16463.00, 1727.00, 2613.00, -0.14, 0.08, 0.25, 2080.00, 1698.00, 4906.00, 12168.00, -6311.00, 11515.00, 12.43, 4.47, -6.05, -2948.00, 774.00, -3118.00
46552, -0.02, 0.03, 120, 2469, -16438.00, 1722.00, 2622.00, -0.11, 0.11, 0.27, 2088.00, 1710.00, 4930.00, 12228.00, -5636.00, 10988.00, 13.40, 2.14, -10.05, -2830.00, 740.00, -3071.00
46592, -0.07, -0.03, 120, 2469, -16469.00, 1687.00, 2559.00, -0.14, 0.09, 0.24, 2044.00, 1658.00, 4918.00, 12179.00, -5239.00, 10416.00, 13.51, 1.38, -13.44, -2876.00, 622.00, -3066.00
46633, 0.02, 0.01, 120, 1707, -16477.00, 1711.00, 2627.00, -0.11, 0.05, 0.25, 2034.00, 1696.00, 4947.00, 12184.00, -4787.00, 9951.00, 12.39, -3.30, -15.07, -2896.00, 530.00, -3030.00
46670, -0.01, 0.03, 120, 1707, -16480.00, 1689.00, 2547.00, -0.13, 0.14, 0.26, 2056.00, 1690.00, 4917.00, 12360.00, -4798.00, 9187.00, 12.60, -6.52, -17.90, -2940.00, 468.00, -2997.00
46704, -0.03, -0.04, 122, 1707, -16450.00, 1724.00, 2601.00, -0.16, 0.09, 0.22, 2050.00, 1698.00, 4923.00, 12560.00, -4097.00, 9135.00, 12.87, -7.07, -19.12, -2908.00, 396.00, -2950.00
46738, 0.05, 0.06, 122, 3879, -16500.00, 1706.00, 2602.00, -0.10, 0.11, 0.25, 2012.00, 1674.00, 4869.00, 12722.00, -3839.00, 9227.00, 10.63, -5.10, -15.71, -2892.00, 252.00, -2933.00
46772, 0.06, 0.06, 122, 3879, -16475.00, 1700.00, 2598.00, -0.23, 0.10, 0.22, 2044.00, 1706.00, 4924.00, 12696.00, -3612.00, 9244.00, 6.82, -6.00, -14.04, -2882.00, 260.00, -2865.00
46806, -0.03, 0.04, 120, 3879, -16444.00, 1700.00, 2620.00, -0.10, 0.06, 0.23, 2066.00, 1650.00, 4878.00, 13613.00, -3320.00, 9341.00, 4.73, -5.24, -9.94, -2954.00, 220.00, -2838.00
46849, -0.01, 0.04, 120, 2328, -16438.00, 1671.00, 2624.00, -0.09, 0.07, 0.23, 1998.00, 1644.00, 4861.00, 12922.00, -3425.00, 9266.00, 3.89, -4.38, -3.54, -2924.00, 184.00, -2840.00
46891, 0.01, 0.03, 121, 2328, -16461.00, 1690.00, 2596.00, -0.12, 0.06, 0.21, 2014.00, 1680.00, 4947.00, 13090.00, -3340.00, 8883.00, -0.55, -3.53, -8.47, -2938.00, 162.00, -2825.00
46934, -0.05, 0.04, 121, 619, -16485.00, 1714.00, 2606.00, -0.11, 0.03, 0.23, 2056.00, 1710.00, 4907.00, 13501.00, -3295.00, 9276.00, -1.96, -3.08, 1.27, -2988.00, 134.00, -2793.00
46974, 0.04, 0.02, 120, 619, -16462.00, 1713.00, 2564.00, -0.07, 0.05, 0.28, 2050.00, 1658.00, 4907.00, 12515.00, -4312.00, 9153.00, 0.07, 0.21, 0.65, -2924.00, 136.00, -2807.00
47010, -0.04, -0.01, 120, 2749, -16446.00, 1680.00, 2609.00, -0.14, 0.06, 0.22, 2088.00, 1698.00, 4967.00, 12755.00, -4069.00, 9727.00, -2.47, 0.28, -1.20, -2930.00, 130.00, -2842.00
47048, -0.06, -0.03, 120, 2749, -16449.00, 1695.00, 2590.00, -0.17, 0.08, 0.25, 2008.00, 1704.00, 4871.00, 13176.00, -3941.00, 9858.00, -0.84, 0.11, -3.40, -2940.00, 96.00, -2844.00
47082, 0.03, -0.03, 120, 2749, -16488.00, 1739.00, 2611.00, -0.14, 0.09, 0.28, 2032.00, 1648.00, 4900.00, 12865.00, -3888.00, 10472.00, -0.15, 1.10, -2.72, -2886.00, 92.00, -2785.00
47115, -0.04, 0.02, 120, 935, -16448.00, 1700.00, 2595.00, -0.13, 0.06, 0.21, 1982.00, 1710.00, 4925.00, 12162.00, -3586.00, 11776.00, -0.70, 2.22, -4.06, -2904.00, 90.00, -2789.00
47156, 0.02, -0.00, 122, 935, -16463.00, 1693.00, 2569.00, -0.16, 0.07, 0.21, 2036.00, 1720.00, 4848.00, 12595.00, -3841.00, 10840.00, -0.99, -5.16, -10.60, -2912.00, 60.00, -2780.00
47199, -0.07, 0.07, 122, 3437, -16467.00, 1710.00, 2657.00, -0.14, 0.07, 0.25, 2036.00, 1728.00, 4903.00, 12882.00, -3861.00, 9783.00, 3.01, -6.31, -20.98, -2890.00, 42.00, -2754.00
47237, -0.02, 0.13, 122, 3437, -16475.00, 1729.00, 2585.00, -0.13, 0.08, 0.25, 2034.00, 1664.00, 4942.00, 13560.00, -2949.00, 9229.00, 4.56, -4.92, -14.78, -2988.00, -56.00, -2753.00
47278, 0.03, 0.00, 121, 3437, -16480.00, 1688.00, 2584.00, -0.12, 0.08, 0.26, 2016.00, 1738.00, 4926.00, 13085.00, -2971.00, 8971.00, 1.59, -5.01, -6.34, -2950.00, 0.00, -2732.00
47320, -0.03, 0.06, 121, 1447, -16457.00, 1695.00, 2601.00, -0.17, 0.14, 0.26, 2064.00, 1740.00, 4878.00, 11359.00, -2717.00, 8640.00, 2.13, -1.49, 9.27, -2976.00, -112.00, -2702.00
47353, -0.01, -0.03, 121, 1447, -16483.00, 1738.00, 2556.00, -0.12, 0.08, 0.31, 2094.00, 1708.00, 4859.00, 13544.00, -3913.00, 9577.00, 5.75, -4.16, 2.14, -2952.00, -68.00, -2720.00
47386, -0.01, 0.09, 121, 2143, -16489.00, 1720.00, 2620.00, -0.13, 0.14, 0.21, 2024.00, 1722.00, 4833.00, 12895.00, -3039.00, 10294.00, 2.17, -2.06, -5.51, -2942.00, -68.00, -2667.00
47423, -0.04, 0.05, 121, 2143, -16442.00, 1685.00, 2581.00, -0.16, 0.07, 0.25, 1974.00, 1696.00, 4910.00, 12708.00, -2724.00, 10596.00, -1.73, -4.90, -11.70, -2976.00, -80.00, -2702.00
47457, 0.03, -0.00, 125, 2143, -16454.00, 1701.00, 2575.00, -0.11, 0.10, 0.24, 2036.00, 1664.00, 4915.00, 12768.00, -2839.00, 10049.00, -0.99, -10.03, -9.30, -2960.00, -164.00, -2660.00
47491, 0.02, -0.05, 125, 2386, -16464.00, 1708.00, 2577.00, -0.19, 0.10, 0.27, 2014.00, 1652.00, 4914.00, 13164.00, -3139.00, 9317.00, 0.77, -12.88, -10.53, -2986.00, -168.00, -2653.00
47533, 0.02, 0.02, 122, 2386, -16467.00, 1708.00, 2637.00, -0.10, 0.05, 0.24, 2046.00, 1660.00, 4921.00, 13858.00, -2593.00, 8391.00, 0.18, -7.52, -5.67, -3044.00, -180.00, -2688.00
47574, -0.09, -0.03, 122, 3129, -16474.00, 1705.00, 2638.00, -0.12, 0.05, 0.24, 2024.00, 1690.00, 4887.00, 15519.00, -2197.00, 8452.00, -7.21, 4.29, 11.72, -3028.00, -142.00, -2638.00
47613, 0.00, 0.01, 122, 3129, -16441.00, 1707.00, 2568.00, -0.17, 0.06, 0.27, 2046.00, 1702.00, 4922.00, 13604.00, -2546.00, 8859.00, -1.55, -1.89, 1.35, -2974.00, -148.00, -2594.00
47647, 0.02, 0.03, 122, 3129, -16477.00, 1696.00, 2618.00, -0.17, 0.08, 0.21, 2092.00, 1684.00, 4883.00, 13700.00, -2789.00, 8858.00, -5.71, -3.47, -4.16, -3078.00, -156.00, -2565.00
47680, -0.04, 0.03, 122, 2169, -16478.00, 1699.00, 2544.00, -0.16, 0.10, 0.21, 2058.00, 1724.00, 4925.00, 13602.00, -2671.00, 9853.00, -2.63, 0.98, -7.18, -3020.00, -164.00, -2536.00
47714, -0.05, 0.02, 122, 2169, -16443.00, 1721.00, 2569.00, -0.13, 0.07, 0.25, 2070.00, 1702.00, 4850.00, 13408.00, -2592.00, 10019.00, -2.09, 0.25, 0.65, -2984.00, -138.00, -2516.00
47754, -0.01, 0.02, 122, 1663, -16479.00, 1680.00, 2615.00, -0.11, 0.07, 0.24, 2074.00, 1770.00, 4858.00, 13172.00, -3333.00, 9138.00, -2.47, -5.22, -2.83, -3002.00, -170.00, -2567.00
47788, 0.01, 0.03, 122, 1663, -16481.00, 1703.00, 2540.00, -0.15, 0.05, 0.22, 2016.00, 1728.00, 4942.00, 12910.00, -2866.00, 8064.00, -1.37, -2.94, -5.16, -3014.00, -164.00, -2521.00
47821, -0.04, 0.04, 121, 1663, -16450.00, 1692.00, 2599.00, -0.14, 0.09, 0.21, 2010.00, 1724.00, 4909.00, 14111.00, -2588.00, 8496.00, 7.28, 1.08, -10.25, -3042.00, -200.00, -2553.00
47854, 0.08, -0.01, 121, 1934, -16489.00, 1711.00, 2632.00, -0.14, 0.07, 0.22, 2032.00, 1744.00, 4890.00, 14020.00, -1873.00, 9261.00, -0.91, 1.92, 4.08, -3008.00, -254.00, -2597.00
47892, -0.04, -0.02, 121, 1934, -16455.00, 1725.00, 2562.00, -0.14, 0.10, 0.25, 2038.00, 1678.00, 4899.00, 13216.00, -2404.00, 10136.00, -4.21, -0.98, -7.73, -2972.00, -240.00, -2539.00
47926, -0.08, 0.00, 121, 1934, -16466.00, 1696.00, 2623.00, -0.10, 0.07, 0.23, 2036.00, 1708.00, 4893.00, 13120.00, -2091.00, 10732.00, -5.92, -4.53, -4.34, -3000.00, -200.00, -2518.00
47960, 0.03, -0.00, 121, 4706, -16475.00, 1722.00, 2570.00, -0.16, 0.07, 0.21, 2036.00, 1704.00, 4886.00, 13575.00, -2188.00, 9440.00, -7.92, -5.09, -1.50, -3094.00, -206.00, -2467.00
48003, -0.04, -0.06, 121, 4706, -16512.00, 1754.00, 2560.00, -0.09, 0.08, 0.31, 2012.00, 1712.00, 4875.00, 13350.00, -3146.00, 9013.00, -9.49, -3.72, 10.18, -3014.00, -174.00, -2523.00
48045, -0.03, -0.01, 121, 1207, -16507.00, 1757.00, 2596.00, -0.13, 0.09, 0.31, 2026.00, 1688.00, 4902.00, 13934.00, -3155.00, 8594.00, -9.18, -11.52, 7.18, -3066.00, -132.00, -2433.00
48084, -0.03, -0.04, 121, 1207, -16464.00, 1719.00, 2568.00, -0.14, 0.08, 0.27, 2014.00, 1682.00, 4856.00, 13013.00, -3646.00, 7782.00, -4.90, -7.50, -6.29, -3056.00, -78.00, -2426.00
48118, -0.03, 0.01, 121, 1207, -16445.00, 1723.00, 2642.00, -0.17, 0.11, 0.24, 2004.00, 1650.00, 4884.00, 14470.00, -2585.00, 8633.00, -4.09, -0.48, -7.08, -3082.00, -82.00, -2447.00
48151, 0.02, -0.07, 121, 1315, -16466.00, 1733.00, 2546.00, -0.15, 0.07, 0.23, 1988.00, 1744.00, 4899.00, 14964.00, -2058.00, 8311.00, -11.73, -8.54, 5.87, -3062.00, -84.00, -2483.00
48193, -0.02, 0.01, 121, 1315, -16470.00, 1772.00, 2595.00, -0.13, 0.05, 0.26, 2042.00, 1676.00, 4896.00, 13207.00, -3031.00, 9597.00, -31.87, -42.86, 16.97, -3160.00, -116.00, -2374.00
48227, 0.04, 0.12, 121, 2850, -16486.00, 1726.00, 2596.00, -0.14, 0.13, 0.19, 1994.00, 1704.00, 4890.00, 11144.00, -2758.00, 9477.00, -58.24, -101.64, 31.15, -3262.00, 56.00, -2200.00
48266, -0.03, 0.04, 121, 2850, -16468.00, 1769.00, 2540.00, -0.11, 0.05, 0.30, 1986.00, 1662.00, 4808.00, 17668.00, -4863.00, 7812.00, -77.67, -141.79, 2.73, -3644.00, 270.00, -1761.00
48300, -0.01, -0.03, 124, 2850, -16459.00, 1672.00, 2604.00, -0.14, 0.08, 0.26, 1976.00, 1684.00, 4881.00, 16701.00, -5222.00, 3305.00, -72.48, -143.34, 2.63, -3862.00, 360.00, -1449.00
48343, -0.05, 0.04, 124, 4892, -16492.00, 1714.00, 2569.00, -0.17, 0.09, 0.24, 2030.00, 1672.00, 4908.00, 15586.00, -4960.00, -1676.00, -41.63, -140.67, 11.34, -4138.00, 480.00, -825.00
48384, 0.02, 0.04, 118, 4892, -16484.00, 1704.00, 2695.00, -0.22, 0.00, 0.17, 1998.00, 1708.00, 4889.00, 13690.00, -6327.00, -3145.00, 17.46, -22.18, -9.78, -4216.00, 476.00, -729.00
48417, 0.03, -0.04, 118, 1336, -16495.00, 1733.00, 2505.00, -0.16, 0.14, 0.30, 2022.00, 1666.00, 4918.00, 15161.00, -5346.00, -1265.00, 24.56, 53.35, -14.19, -4194.00, 390.00, -840.00
48455, -0.11, -0.01, 118, 1336, -16495.00, 1778.00, 2563.00, -0.11, 0.11, 0.25, 2006.00, 1708.00, 4925.00, 14135.00, -4961.00, -442.00, 4.17, 72.49, 25.03, -4128.00, 382.00, -1034.00
48489, -0.02, 0.12, 121, 1336, -16522.00, 1798.00, 2586.00, -0.12, 0.10, 0.31, 2050.00, 1686.00, 4908.00, 15233.00, -5212.00, 483.00, 5.47, 55.70, -15.58, -4008.00, 360.00, -1149.00
48522, 0.01, 0.00, 121, 1408, -16486.00, 1680.00, 2537.00, -0.21, 0.06, 0.21, 2038.00, 1676.00, 4935.00, 15518.00, -4820.00, 1499.00, -15.63, 20.33, -24.55, -4082.00, 368.00, -1156.00
48565, 0.05, 0.07, 120, 1408, -16474.00, 1699.00, 2576.00, -0.13, 0.06, 0.26, 2012.00, 1694.00, 4879.00, 15129.00, -4573.00, 1167.00, -26.31, -16.66, -12.64, -4046.00, 324.00, -1138.00
48607, 0.04, 0.07, 120, 1647, -16491.00, 1781.00, 2683.00, -0.12, 0.09, 0.29, 2036.00, 1766.00, 4873.00, 12236.00, -5266.00, 1703.00, -16.07, -26.94, -18.41, -4122.00, 374.00, -1059.00
48645, 0.01, 0.02, 120, 1647, -16441.00, 1652.00, 2661.00, -0.17, 0.04, 0.21, 2038.00, 1732.00, 4913.00, 13669.00, -5669.00, -1175.00, 13.94, 23.26, -58.06, -4094.00, 270.00, -1085.00
48680, -0.04, -0.01, 120, 1647, -16458.00, 1658.00, 2608.00, -0.19, 0.03, 0.19, 2064.00, 1722.00, 4894.00, 14083.00, -4271.00, 1509.00, 15.04, 20.50, -57.28, -4080.00, 134.00, -1210.00
48713, -0.03, -0.01, 120, 1516, -16467.00, 1700.00, 2601.00, -0.18, 0.07, 0.23, 2036.00, 1720.00, 4889.00, 16024.00, -3272.00, 1453.00, 18.27, 18.93, -84.68, -4130.00, -124.00, -1251.00
48746, 0.01, -0.06, 121, 1516, -16471.00, 1731.00, 2599.00, -0.13, 0.04, 0.22, 2000.00, 1674.00, 4916.00, 16273.00, -1446.00, 1482.00, 7.86, 8.01, -93.23, -4110.00, -256.00, -1263.00
48788, -0.03, 0.09, 121, 1395, -16471.00, 1712.00, 2584.00, -0.11, 0.05, 0.28, 2004.00, 1710.00, 4874.00, 17291.00, 1302.00, 3692.00, 8.64, 29.98, -96.76, -4038.00, -542.00, -1308.00
48827, -0.03, 0.02, 121, 1395, -16459.00, 1702.00, 2582.00, -0.21, 0.14, 0.24, 2008.00, 1714.00, 4912.00, 17719.00, 4142.00, 4937.00, -11.91, -4.49, -39.62, -4096.00, -646.00, -1320.00
48861, 0.02, 0.13, 120, 1395, -16468.00, 1709.00, 2594.00, -0.09, 0.05, 0.28, 2064.00, 1706.00, 4914.00, 17198.00, 2566.00, 4237.00, -25.65, -64.96, 28.84, -4112.00, -592.00, -1200.00
48894, 0.01, -0.02, 120, 2617, -16436.00, 1705.00, 2567.00, -0.15, 0.09, 0.22, 2042.00, 1730.00, 4889.00, 16182.00, -79.00, 5221.00, -27.36, -136.89, 26.75, -4238.00, -540.00, -899.00
48936, -0.01, -0.04, 119, 2617, -16475.00, 1702.00, 2611.00, -0.16, 0.07, 0.25, 2016.00, 1738.00, 4862.00, 17270.00, -788.00, -186.00, -31.19, -143.22, -11.18, -4418.00, -480.00, -559.00
48969, 0.03, -0.01, 119, 2094, -16440.00, 1708.00, 2577.00, -0.10, 0.07, 0.28, 2056.00, 1684.00, 4835.00, 14382.00, -880.00, -266.00, -26.06, -133.58, -33.59, -4460.00, -480.00, -319.00
49008, -0.03, 0.04, 119, 2094, -16464.00, 1726.00, 2595.00, -0.15, 0.09, 0.23, 2020.00, 1658.00, 4895.00, 15058.00, -570.00, -1270.00, -27.14, -97.68, -62.47, -4586.00, -724.00, 30.00
49042, 0.01, -0.01, 122, 2094, -16483.00, 1699.00, 2589.00, -0.17, 0.04, 0.27, 2080.00, 1732.00, 4920.00, 16194.00, 2960.00, -3356.00, -37.58, -46.82, -36.57, -4630.00, -780.00, 177.00
49075, -0.04, 0.00, 122, 3612, -16446.00, 1716.00, 2590.00, -0.17, 0.09, 0.23, 2070.00, 1680.00, 4894.00, 15664.00, 3143.00, -4270.00, -32.67, -6.24, -0.39, -4600.00, -796.00, 169.00
49112, -0.02, 0.07, 122, 3612, -16461.00, 1699.00, 2617.00, -0.18, 0.07, 0.24, 2020.00, 1732.00, 4913.00, 15224.00, 2550.00, -5145.00, -16.21, 39.27, 13.48, -4606.00, -692.00, 126.00
49145, 0.02, 0.04, 123, 3612, -16472.00, 1723.00, 2610.00, -0.13, 0.05, 0.29, 2010.00, 1724.00, 4913.00, 15533.00, 2492.00, -4578.00, -1.04, 63.89, 8.75, -4548.00, -666.00, -60.00
49178, 0.01, -0.01, 123, 1358, -16480.00, 1710.00, 2600.00, -0.16, 0.07, 0.21, 2016.00, 1700.00, 4917.00, 16604.00, 2310.00, -3425.00, 9.78, 65.28, -1.04, -4568.00, -618.00, -204.00
49219, -0.02, 0.12, 121, 1358, -16483.00, 1701.00, 2602.00, -0.12, 0.10, 0.23, 2072.00, 1736.00, 4884.00, 18220.00, 3077.00, -2462.00, 26.18, 48.99, -3.44, -4498.00, -718.00, -306.00
49256, -0.05, 0.04, 121, 1260, -16467.00, 1705.00, 2612.00, -0.13, 0.07, 0.21, 2022.00, 1676.00, 4939.00, 19032.00, 3125.00, -2009.00, 41.45, 23.91, 3.57, -4492.00, -770.00, -319.00
49295, -0.02, 0.05, 121, 1260, -16491.00, 1694.00, 2610.00, -0.19, 0.11, 0.25, 2070.00, 1646.00, 4924.00, 18823.00, 1402.00, -1036.00, 54.19, -3.73, -15.47, -4504.00, -822.00, -336.00
49328, -0.02, -0.05, 120, 1260, -16464.00, 1703.00, 2554.00, -0.08, 0.03, 0.28, 2020.00, 1722.00, 4918.00, 18445.00, 2047.00, -2622.00, 53.07, -14.02, -8.78, -4526.00, -840.00, -258.00
49371, 0.02, -0.03, 120, 2443, -16464.00, 1710.00, 2568.00, -0.15, 0.06, 0.23, 2038.00, 1698.00, 4940.00, 15965.00, 2187.00, -4025.00, 44.01, -8.90, -25.25, -4464.00, -974.00, -180.00
49412, -0.05, 0.03, 122, 2443, -16451.00, 1714.00, 2645.00, -0.22, 0.08, 0.22, 2076.00, 1696.00, 4898.00, 14686.00, -63.00, -2408.00, 49.32, 7.99, -40.27, -4502.00, -1108.00, -156.00
49455, 0.03, 0.05, 122, 4003, -16478.00, 1685.00, 2632.00, -0.12, 0.04, 0.22, 2048.00, 1724.00, 4920.00, 14927.00, 2922.00, -2374.00, 69.19, 8.61, -82.25, -4436.00, -1412.00, -23.00
49497, 0.02, 0.05, 122, 4003, -16447.00, 1720.00, 2617.00, -0.11, 0.04, 0.26, 2056.00, 1702.00, 4861.00, 13142.00, 2808.00, -1269.00, 94.67, 31.08, -114.42, -4348.00, -1794.00, -18.00
49538, 0.01, -0.03, 122, 2357, -16462.00, 1704.00, 2611.00, -0.14, 0.07, 0.21, 2044.00, 1740.00, 4852.00, 13511.00, 6005.00, -3703.00, 91.11, 47.05, -110.66, -4234.00, -2154.00, -50.00
49577, 0.02, 0.13, 122, 2357, -16458.00, 1735.00, 2583.00, -0.13, 0.05, 0.26, 2038.00, 1688.00, 4904.00, 13324.00, 6595.00, -1572.00, 61.81, 44.37, -38.82, -4106.00, -2478.00, -32.00
49611, -0.05, 0.04, 122, 2357, -16459.00, 1697.00, 2541.00, -0.14, 0.07, 0.24, 2034.00, 1700.00, 4926.00, 13235.00, 6954.00, -244.00, 46.22, 27.06, -25.36, -3982.00, -2502.00, -44.00
49644, 0.02, 0.06, 122, 2168, -16460.00, 1711.00, 2606.00, -0.14, 0.02, 0.27, 2034.00, 1732.00, 4918.00, 13479.00, 5861.00, 448.00, 54.65, 5.55, -21.79, -4054.00, -2562.00, -18.00
49684, -0.03, -0.03, 119, 2168, -16454.00, 1722.00, 2582.00, -0.14, 0.08, 0.25, 2034.00, 1742.00, 4939.00, 11890.00, 3836.00, 1809.00, 33.90, -29.73, -47.25, -4048.00, -2678.00, 95.00
49726, -0.03, 0.02, 119, 2149, -16459.00, 1685.00, 2610.00, -0.21, 0.14, 0.22, 2046.00, 1664.00, 4965.00, 13153.00, 6110.00, 893.00, -4.05, -56.07, -48.44, -4014.00, -2814.00, 273.00
49764, 0.05, 0.07, 119, 2149, -16447.00, 1709.00, 2572.00, -0.17, 0.12, 0.23, 2048.00, 1680.00, 4954.00, 11147.00, 6230.00, -891.00, -29.81, -75.98, -39.12, -3924.00, -2934.00, 408.00
49798, -0.04, -0.00, 121, 2149, -16463.00, 1707.00, 2573.00, -0.16, 0.09, 0.21, 2008.00, 1736.00, 4948.00, 12731.00, 8053.00, -949.00, -30.69, -85.55, -69.17, -3838.00, -3050.00, 557.00
49831, -0.02, 0.05, 121, 2128, -16455.00, 1711.00, 2621.00, -0.12, 0.04, 0.23, 2060.00, 1770.00, 4928.00, 13140.00, 9311.00, -2654.00, -32.69, -94.15, -64.82, -3722.00, -3190.00, 690.00
49874, 0.02, -0.03, 120, 2128, -16480.00, 1726.00, 2592.00, -0.18, 0.13, 0.24, 2082.00, 1708.00, 4949.00, 10314.00, 9940.00, -3537.00, -43.39, -76.76, -72.86, -3648.00, -3320.00, 774.00
49907, 0.01, -0.03, 120, 3656, -16472.00, 1723.00, 2568.00, -0.10, 0.05, 0.23, 2078.00, 1712.00, 4911.00, 10844.00, 11635.00, -4593.00, -47.99, -59.92, -116.27, -3528.00, -3474.00, 811.00
49947, 0.06, -0.05, 120, 3656, -16468.00, 1732.00, 2584.00, -0.16, 0.08, 0.21, 2088.00, 1706.00, 4909.00, 11359.00, 12907.00, -3710.00, -30.11, -20.54, -132.86, -3276.00, -3836.00, 764.00
49981, 0.01, 0.05, 120, 3656, -16447.00, 1710.00, 2607.00, -0.12, 0.07, 0.23, 2070.00, 1716.00, 4909.00, 9595.00, 12820.00, -4220.00, -2.34, 13.00, -104.18, -3006.00, -4028.00, 709.00
50014, -0.02, 0.02, 120, 253, -16457.00, 1709.00, 2588.00, -0.16, 0.09, 0.21, 2070.00, 1690.00, 4897.00, 9678.00, 13287.00, -4160.00, 8.31, 39.74, -106.21, -2932.00, -4164.00, 715.00
50052, 0.04, 0.05, 120, 253, -16474.00, 1696.00, 2548.00, -0.12, 0.11, 0.25, 2118.00, 1740.00, 4945.00, 10467.00, 14088.00, -3871.00, -1.98, 41.84, -57.62, -2794.00, -4266.00, 633.00
50085, -0.05, 0.00, 122, 253, -16462.00, 1713.00, 2618.00, -0.14, 0.07, 0.25, 1994.00, 1678.00, 4938.00, 8101.00, 14357.00, -4260.00, -35.25, 25.50, -35.61, -2758.00, -4304.00, 551.00
50118, 0.01, 0.05, 122, 940, -16460.00, 1711.00, 2615.00, -0.19, 0.11, 0.24, 2038.00, 1740.00, 4916.00, 7035.00, 14880.00, -4444.00, -50.61, 14.83, -13.39, -2748.00, -4318.00, 359.00
50152, -0.01, 0.02, 120, 940, -16475.00, 1688.00, 2575.00, -0.13, 0.07, 0.25, 2082.00, 1692.00, 4899.00, 7837.00, 14438.00, -4307.00, -33.47, 9.45, -34.82, -2734.00, -4446.00, 300.00
50185, 0.02, -0.02, 120, 2696, -16462.00, 1690.00, 2572.00, -0.14, 0.07, 0.24, 2020.00, 1646.00, 4918.00, 7953.00, 14619.00, -3517.00, -13.84, 1.47, -12.42, -2712.00, -4466.00, 175.00
50221, -0.08, -0.04, 120, 2696, -16473.00, 1697.00, 2623.00, -0.15, 0.10, 0.26, 2046.00, 1706.00, 4918.00, 7057.00, 14186.00, -2672.00, 4.83, -12.90, 9.88, -2738.00, -4512.00, 184.00
50263, 0.05, 0.03, 122, 2696, -16474.00, 1704.00, 2602.00, -0.17, 0.09, 0.25, 2054.00, 1724.00, 4907.00, 6395.00, 14010.00, -3344.00, 27.95, -18.76, -12.68, -2762.00, -4572.00, 274.00
50296, 0.01, -0.02, 122, 1217, -16477.00, 1713.00, 2597.00, -0.15, 0.10, 0.21, 2072.00, 1710.00, 4940.00, 6569.00, 13947.00, -3395.00, 36.24, -17.99, -26.51, -2806.00, -4764.00, 388.00
50334, -0.01, 0.03, 122, 1217, -16487.00, 1717.00, 2744.00, -0.62, -0.89, -0.55, 2140.00, 1700.00, 4925.00, 9301.00, 6215.00, -9605.00, 35.03, 4.45, 2.96, -2874.00, -4904.00, 505.00
50371, -0.06, -0.09, 123, 2223, -16441.00, 1610.00, 2681.00, -0.24, 0.12, 0.10, 2094.00, 1676.00, 4892.00, 9933.00, 13843.00, -3117.00, 24.42, 5.88, -57.17, -2744.00, -5120.00, 611.00
50410, 0.08, 0.03, 123, 2223, -16485.00, 1719.00, 2619.00, -0.26, 0.13, 0.22, 2104.00, 1716.00, 4883.00, 8077.00, 14402.00, -3014.00, -21.18, -16.05, -52.57, -2604.00, -5256.00, 686.00
50444, 0.03, -0.00, 121, 2223, -16454.00, 1631.00, 2564.00, -0.09, 0.07, 0.26, 2042.00, 1704.00, 4919.00, 6189.00, 14414.00, -4390.00, -34.52, -17.02, -35.82, -2468.00, -5392.00, 586.00
50478, 0.01, 0.01, 121, 2523, -16428.00, 1700.00, 2601.00, -0.22, 0.18, 0.21, 2136.00, 1714.00, 4931.00, 4662.00, 13053.00, -4687.00, -30.33, 3.71, -41.39, -2432.00, -5522.00, 519.00
50515, -0.00, -0.01, 121, 2523, -16471.00, 1716.00, 2589.00, -0.16, 0.00, 0.24, 2030.00, 1720.00, 4961.00, 2837.00, 13510.00, -4994.00, -14.13, 34.27, -66.53, -2290.00, -5736.00, 472.00
50548, -0.01, 0.01, 122, 2523, -16447.00, 1697.00, 2607.00, -0.13, 0.13, 0.22, 2046.00, 1690.00, 4902.00, 3621.00, 14222.00, -3072.00, 0.23, 48.25, -64.46, -2038.00, -6022.00, 548.00
50582, -0.03, 0.02, 122, 2288, -16479.00, 1725.00, 2602.00, -0.24, 0.12, 0.20, 2070.00, 1698.00, 4936.00, 4627.00, 14564.00, -4057.00, 11.03, 36.96, -44.00, -1892.00, -6248.00, 672.00
50625, 0.00, 0.11, 122, 2288, -16485.00, 1731.00, 2601.00, -0.10, 0.03, 0.28, 2050.00, 1718.00, 4901.00, 5256.00, 16164.00, -3481.00, 26.78, 13.51, -12.23, -1812.00, -6538.00, 1038.00
50658, 0.01, 0.02, 122, 2419, -16464.00, 1708.00, 2583.00, -0.24, 0.16, 0.23, 2030.00, 1668.00, 4957.00, 4616.00, 15653.00, -3636.00, 44.03, -2.80, 8.50, -1834.00, -6706.00, 1413.00
50698, -0.02, 0.06, 122, 2419, -16469.00, 1678.00, 2560.00, -0.21, 0.14, 0.25, 2062.00, 1658.00, 4951.00, 3131.00, 14926.00, -3989.00, -9.99, 13.18, -9.72, -1784.00, -6892.00, 1857.00
50731, -0.05, 0.04, 123, 2419, -16489.00, 1778.00, 2584.00, -0.15, 0.08, 0.30, 2068.00, 1692.00, 4959.00, 2705.00, 15865.00, -3516.00, -46.23, 22.00, -16.96, -1752.00, -6982.00, 1924.00
50764, 0.02, -0.05, 123, 2898, -16478.00, 1720.00, 2585.00, -0.16, 0.16, 0.27, 2096.00, 1684.00, 4958.00, 3229.00, 15285.00, -4778.00, -10.05, 26.43, -0.65, -1674.00, -7152.00, 2166.00
50802, -0.04, 0.07, 123, 2898, -16486.00, 1707.00, 2588.00, -0.03, 0.04, 0.32, 2072.00, 1720.00, 4900.00, 2742.00, 14824.00, -3310.00, -26.48, 24.42, 4.77, -1640.00, -7246.00, 2356.00
50839, -0.07, 0.06, 122, 2389, -16463.00, 1720.00, 2564.00, -0.24, 0.10, 0.18, 2034.00, 1736.00, 4939.00, 2874.00, 14536.00, -2462.00, -20.29, 22.00, -11.20, -1602.00, -7254.00, 2643.00
50877, -0.02, -0.03, 122, 2389, -16471.00, 1699.00, 2614.00, -0.20, 0.14, 0.21, 2120.00, 1672.00, 4956.00, 2632.00, 16027.00, -2369.00, -25.28, 28.97, -80.96, -1294.00, -7336.00, 3142.00
50911, 0.02, 0.04, 123, 2389, -16450.00, 1721.00, 2583.00, -0.14, 0.01, 0.21, 2070.00, 1700.00, 4968.00, 1906.00, 15990.00, -2739.00, -26.87, 36.50, -75.08, -896.00, -7288.00, 3598.00
50944, 0.01, 0.01, 123, 2649, -16347.00, 1574.00, 2775.00, -0.28, -0.15, 0.03, 2054.00, 1684.00, 4991.00, 1797.00, 13924.00, -1408.00, -17.46, 36.46, -62.40, -678.00, -6898.00, 4039.00
50984, 0.03, 0.04, 123, 2649, -16461.00, 1620.00, 2644.00, -0.19, 0.10, 0.10, 2062.00, 1680.00, 4964.00, -177.00, 12390.00, -2769.00, -21.61, 30.32, -102.13, -502.00, -6254.00, 4524.00
51017, -0.03, 0.02, 120, 2649, -16460.00, 1737.00, 2521.00, -0.25, 0.03, 0.19, 2090.00, 1690.00, 4959.00, -386.00, 9431.00, -146.00, -49.52, 21.17, -140.74, -446.00, -5260.00, 5004.00
51051, -0.08, -0.09, 120, 2295, -16973.00, 1780.00, 2159.00, -0.70, -0.87, -0.42, 2050.00, 1680.00, 5029.00, 471.00, 2277.00, 3380.00, -39.92, -0.62, -3.39, -464.00, -4502.00, 5079.00
51090, -0.08, 0.14, 121, 2295, -16507.00, 1409.00, 2884.00, -0.03, -0.91, -1.50, 2104.00, 1656.00, 5061.00, -792.00, 7457.00, -1606.00, 10.21, 0.74, -6.28, -678.00, -4622.00, 5036.00
51132, 0.10, 0.11, 121, 2871, -16599.00, 1848.00, 2607.00, -0.09, 0.10, 0.38, 2022.00, 1666.00, 5049.00, -3299.00, 15357.00, -408.00, 25.69, 6.46, -9.94, -618.00, -4424.00, 5140.00
51172, -0.04, -0.13, 121, 2871, -16408.00, 1617.00, 2656.00, -0.34, 0.19, 0.12, 2018.00, 1708.00, 5007.00, -3416.00, 16262.00, -1312.00, -21.48, 3.52, -6.26, -506.00, -4528.00, 5256.00
51205, -0.04, -0.01, 118, 2871, -16459.00, 1716.00, 2474.00, -0.07, 0.05, 0.21, 2082.00, 1694.00, 5012.00, -3582.00, 15662.00, -4233.00, -8.75, -6.86, 0.22, -440.00, -4622.00, 5495.00
51238, 0.02, -0.05, 118, 1901, -16516.00, 1729.00, 2597.00, -0.14, 0.29, 0.28, 2020.00, 1682.00, 5023.00, -1944.00, 16073.00, -1944.00, 14.14, -5.07, -29.97, -432.00, -4588.00, 5594.00
51280, 0.08, 0.05, 121, 1901, -16495.00, 1744.00, 2587.00, -0.31, 0.00, 0.17, 2022.00, 1648.00, 4970.00, -2182.00, 15994.00, -1797.00, -8.74, -1.95, 6.66, -388.00, -4602.00, 5582.00
51313, 0.06, 0.07, 121, 3740, -16485.00, 1703.00, 2601.00, -0.00, 0.11, 0.28, 2070.00, 1664.00, 4990.00, -1555.00, 16115.00, -1348.00, -3.06, 0.93, 6.19, -422.00, -4624.00, 5567.00
51353, 0.01, 0.03, 121, 3740, -16489.00, 1688.00, 2632.00, -0.27, 0.13, 0.25, 2024.00, 1662.00, 4959.00, -2048.00, 16088.00, -1594.00, -0.62, 0.45, 0.77, -414.00, -4592.00, 5551.00
51386, -0.04, -0.01, 121, 3740, -16470.00, 1750.00, 2567.00, -0.03, -0.05, 0.25, 2010.00, 1710.00, 5022.00, -1847.00, 16085.00, -1452.00, -0.37, -0.62, 0.19, -432.00, -4592.00, 5565.00
51420, -0.05, 0.04, 121, 1436, -16503.00, 1668.00, 2650.00, -0.14, 0.05, 0.29, 2036.00, 1714.00, 5022.00, -1907.00, 16111.00, -1496.00, -1.07, 0.40, 1.41, -434.00, -4600.00, 5592.00
51458, 0.04, 0.05, 121, 1436, -16445.00, 1702.00, 2623.00, -0.28, 0.16, 0.18, 2062.00, 1730.00, 4949.00, -1991.00, 16037.00, -1539.00, 0.36, -0.60, -0.77, -436.00, -4610.00, 5650.00
51493, -0.02, 0.05, 119, 2859, -16478.00, 1696.00, 2553.00, -0.03, 0.01, 0.26, 2018.00, 1652.00, 5027.00, -1895.00, 16049.00, -1460.00, -1.15, 0.05, 1.35, -424.00, -4642.00, 5561.00
51531, -0.06, -0.03, 119, 2859, -16454.00, 1721.00, 2623.00, -0.18, 0.07, 0.21, 2048.00, 1700.00, 4921.00, -1899.00, 16057.00, -1499.00, -0.30, -0.19, 0.22, -466.00, -4638.00, 5617.00
51565, -0.02, 0.04, 122, 2859, -16475.00, 1725.00, 2565.00, -0.04, 0.11, 0.30, 2086.00, 1704.00, 4981.00, -1911.00, 16081.00, -1459.00, -0.95, -0.02, 1.03, -436.00, -4614.00, 5607.00
51598, -0.03, 0.03, 122, 1934, -16476.00, 1676.00, 2619.00, -0.11, 0.00, 0.23, 2068.00, 1684.00, 4981.00, -1983.00, 16059.00, -1525.00, -0.52, -0.20, 0.35, -440.00, -4590.00, 5589.00
51638, 0.02, 0.04, 122, 1934, -16448.00, 1713.00, 2596.00, -0.32, 0.14, 0.17, 2054.00, 1668.00, 4990.00, -1876.00, 16062.00, -1469.00, -0.14, -0.28, -0.24, -392.00, -4568.00, 5604.00
51671, 0.05, -0.06, 121, 1934, -16484.00, 1688.00, 2546.00, -0.03, 0.02, 0.29, 2054.00, 1696.00, 4997.00, -1947.00, 16050.00, -1481.00, -1.02, 0.09, 1.21, -448.00, -4588.00, 5581.00
51704, 0.02, 0.14, 121, 2839, -16438.00, 1710.00, 2647.00, -0.29, -0.00, 0.12, 2038.00, 1712.00, 4994.00, -1878.00, 16059.00, -1506.00, -0.17, -0.49, -0.01, -462.00, -4656.00, 5576.00
51742, -0.05, -0.02, 121, 2839, -16483.00, 1718.00, 2526.00, -0.05, 0.19, 0.31, 2004.00, 1754.00, 4986.00, -1888.00, 16101.00, -1447.00, -0.72, 0.19, 0.88, -438.00, -4616.00, 5568.00
51778, -0.04, 0.05, 121, 1027, -16459.00, 1703.00, 2567.00, -0.21, -0.03, 0.19, 2076.00, 1738.00, 4964.00, -1957.00, 16049.00, -1512.00, -0.35, -0.56, 0.09, -420.00, -4588.00, 5585.00
51812, -0.02, 0.04, 121, 1027, -16490.00, 1737.00, 2639.00, -0.15, 0.05, 0.23, 2032.00, 1734.00, 5005.00, -1864.00, 16068.00, -1476.00, -0.59, 0.07, 0.66, -450.00, -4584.00, 5574.00
51854, -0.02, 0.04, 120, 1027, -16443.00, 1718.00, 2609.00, -0.05, 0.22, 0.35, 2052.00, 1624.00, 5013.00, -1941.00, 16060.00, -1503.00, -0.67, 0.25, 0.85, -402.00, -4608.00, 5583.00
51887, 0.07, -0.01, 120, 1932, -16458.00, 1714.00, 2604.00, -0.31, -0.00, 0.12, 2078.00, 1722.00, 4991.00, -1882.00, 16076.00, -1482.00, -0.45, -0.46, 0.32, -402.00, -4604.00, 5598.00
51926, -0.08, 0.10, 120, 1932, -16450.00, 1720.00, 2615.00, -0.14, 0.11, 0.23, 2092.00, 1658.00, 4981.00, -1901.00, 16067.00, -1492.00, -0.68, 0.21, 0.80, -406.00, -4612.00, 5599.00
51962, 0.01, 0.01, 121, 676, -16458.00, 1716.00, 2586.00, -0.25, 0.17, 0.28, 2088.00, 1668.00, 4959.00, -1973.00, 16074.00, -1485.00, -0.35, -0.46, 0.17, -388.00, -4636.00, 5631.00
52000, 0.04, 0.08, 121, 676, -16469.00, 1713.00, 2603.00, -0.25, 0.02, 0.17, 2084.00, 1748.00, 4989.00, -1877.00, 16059.00, -1487.00, -0.53, -0.34, 0.44, -378.00, -4568.00, 5585.00
52040, 0.04, -0.05, 119, 676, -16477.00, 1698.00, 2561.00, 0.02, 0.04, 0.34, 2046.00, 1678.00, 5011.00, -1911.00, 16055.00, -1476.00, -0.65, 0.13, 0.79, -396.00, -4642.00, 5578.00
52074, -0.03, 0.01, 119, 1883, -16439.00, 1740.00, 2613.00, -0.20, 0.17, 0.25, 2018.00, 1672.00, 5018.00, -1877.00, 16058.00, -1529.00, -0.46, -0.36, 0.33, -394.00, -4594.00, 5584.00
52112, -0.02, -0.02, 119, 1883, -16462.00, 1678.00, 2578.00, -0.22, 0.07, 0.19, 2052.00, 1666.00, 5030.00, -1909.00, 16066.00, -1443.00, -0.74, -0.15, 0.75, -340.00, -4622.00, 5572.00
52149, -0.00, -0.04, 121, 1977, -16452.00, 1746.00, 2592.00, -0.06, 0.08, 0.29, 2060.00, 1698.00, 5003.00, -1909.00, 16039.00, -1512.00, -0.35, -0.20, 0.27, -422.00, -4616.00, 5631.00
52185, 0.06, 0.09, 121, 1977, -16463.00, 1683.00, 2642.00, -0.28, 0.11, 0.18, 2084.00, 1708.00, 5023.00, -1856.00, 16062.00, -1428.00, -0.70, -0.19, 0.72, -384.00, -4596.00, 5628.00
52227, -0.05, 0.02, 120, 1977, -16476.00, 1746.00, 2585.00, -0.08, 0.11, 0.24, 2038.00, 1644.00, 4992.00, -1940.00, 16042.00, -1525.00, -0.77, 0.00, 0.80, -420.00, -4582.00, 5562.00
52260, 0.04, 0.09, 120, 477, -16468.00, 1700.00, 2578.00, -0.17, 0.07, 0.21, 2090.00, 1646.00, 4962.00, -1882.00, 16064.00, -1476.00, -0.32, -0.21, 0.29, -348.00, -4662.00, 5598.00
52297, 0.00, -0.06, 120, 477, -16479.00, 1736.00, 2564.00, -0.19, 0.14, 0.22, 2062.00, 1680.00, 4939.00, -1922.00, 16058.00, -1491.00, -0.71, -0.05, 0.76, -398.00, -4616.00, 5571.00
52330, -0.07, 0.09, 121, 477, -16468.00, 1708.00, 2607.00, -0.02, 0.00, 0.29, 2022.00, 1698.00, 5013.00, -1945.00, 16077.00, -1500.00, -0.39, -0.25, 0.35, -352.00, -4584.00, 5588.00
52363, 0.00, 0.03, 121, 1826, -16457.00, 1695.00, 2604.00, -0.24, 0.15, 0.21, 2044.00, 1670.00, 5010.00, -1870.00, 16074.00, -1491.00, -0.75, -0.03, 0.78, -448.00, -4650.00, 5593.00
52404, -0.04, 0.03, 121, 1826, -16488.00, 1705.00, 2577.00, -0.11, 0.14, 0.31, 2006.00, 1636.00, 4965.00, -1926.00, 16075.00, -1495.00, -0.47, -0.22, 0.39, -416.00, -4620.00, 5592.00
52446, 0.02, 0.03, 121, 1598, -16437.00, 1712.00, 2661.00, -0.02, 0.02, 0.26, 2064.00, 1676.00, 4983.00, -1873.00, 16058.00, -1478.00, -0.44, -0.20, 0.40, -464.00, -4620.00, 5584.00
52484, -0.03, -0.03, 121, 1598, -16454.00, 1707.00, 2578.00, -0.29, 0.03, 0.19, 2056.00, 1664.00, 4925.00, -1894.00, 16065.00, -1462.00, -0.61, 0.00, 0.64, -430.00, -4660.00, 5594.00
52517, -0.04, -0.03, 121, 1598, -16496.00, 1708.00, 2521.00, 0.00, 0.13, 0.33, 2016.00, 1668.00, 4976.00, -1974.00, 16072.00, -1501.00, -0.51, -0.28, 0.49, -416.00, -4662.00, 5556.00
52550, 0.03, 0.04, 121, 1810, -16466.00, 1706.00, 2629.00, -0.18, -0.03, 0.21, 2030.00, 1752.00, 4986.00, -1862.00, 16088.00, -1478.00, -0.52, 0.01, 0.60, -408.00, -4628.00, 5587.00
52593, -0.01, 0.03, 121, 1810, -16440.00, 1732.00, 2568.00, -0.19, 0.11, 0.25, 2016.00, 1710.00, 4985.00, -1941.00, 16056.00, -1480.00, -0.59, -0.07, 0.55, -424.00, -4576.00, 5593.00
52626, 0.00, 0.05, 121, 942, -16459.00, 1703.00, 2587.00, -0.07, 0.16, 0.31, 1958.00, 1710.00, 4954.00, -1929.00, 16056.00, -1500.00, -0.57, -0.32, 0.49, -462.00, -4582.00, 5585.00
52659, 0.02, 0.04, 121, 942, -16440.00, 1706.00, 2594.00, -0.21, -0.03, 0.19, 2052.00, 1706.00, 4961.00, -1918.00, 16039.00, -1490.00, -0.54, 0.02, 0.55, -418.00, -4562.00, 5613.00
52701, 0.00, 0.00, 122, 942, -16474.00, 1729.00, 2573.00, -0.07, 0.04, 0.28, 1976.00, 1690.00, 4976.00, -1938.00, 16071.00, -1472.00, -0.55, -0.17, 0.52, -426.00, -4636.00, 5597.00
52743, -0.04, 0.03, 122, 2206, -16452.00, 1692.00, 2622.00, -0.11, 0.14, 0.26, 2038.00, 1694.00, 4958.00, -1868.00, 16078.00, -1451.00, -0.60, -0.24, 0.53, -454.00, -4640.00, 5571.00
52786, -0.00, 0.06, 121, 2206, -16440.00, 1723.00, 2571.00, -0.22, 0.03, 0.20, 2074.00, 1688.00, 4971.00, -1922.00, 16064.00, -1516.00, -0.50, -0.08, 0.56, -474.00, -4628.00, 5551.00
52828, -0.01, -0.02, 121, 3202, -16473.00, 1710.00, 2580.00, -0.18, 0.02, 0.22, 2002.00, 1692.00, 4981.00, -1903.00, 16070.00, -1488.00, -0.46, -0.14, 0.42, -444.00, -4652.00, 5589.00
52867, 0.03, 0.02, 121, 3202, -16472.00, 1730.00, 2563.00, -0.06, 0.12, 0.28, 2040.00, 1704.00, 4987.00, -1919.00, 16073.00, -1484.00, -0.60, -0.23, 0.52, -408.00, -4588.00, 5604.00
52902, 0.01, 0.08, 121, 3463, -16476.00, 1733.00, 2598.00, -0.19, 0.07, 0.21, 2078.00, 1758.00, 4969.00, -1918.00, 16064.00, -1489.00, -0.58, -0.08, 0.63, -402.00, -4630.00, 5612.00
52942, -0.00, 0.03, 121, 3463, -16470.00, 1720.00, 2629.00, -0.07, 0.06, 0.25, 2076.00, 1730.00, 4915.00, -1900.00, 16070.00, -1500.00, -0.46, -0.09, 0.41, -430.00, -4620.00, 5573.00
52976, -0.06, 0.06, 121, 3463, -16449.00, 1739.00, 2581.00, -0.19, 0.14, 0.25, 2100.00, 1700.00, 4977.00, -1896.00, 16060.00, -1513.00, -0.65, -0.16, 0.61, -384.00, -4634.00, 5622.00
53009, 0.09, 0.01, 121, 1218, -16487.00, 1703.00, 2576.00, -0.16, 0.04, 0.25, 2062.00, 1700.00, 4954.00, -1917.00, 16056.00, -1467.00, -0.50, -0.12, 0.53, -418.00, -4634.00, 5611.00
53046, 0.02, 0.03, 121, 1218, -16444.00, 1724.00, 2622.00, -0.08, 0.01, 0.28, 2106.00, 1730.00, 4976.00, -1920.00, 16062.00, -1495.00, -0.44, -0.11, 0.47, -390.00, -4588.00, 5600.00
53083, 0.03, 0.02, 123, 3548, -16464.00, 1711.00, 2601.00, -0.22, 0.15, 0.22, 2114.00, 1710.00, 5000.00, -1924.00, 16076.00, -1489.00, -0.60, -0.16, 0.59, -436.00, -4632.00, 5589.00
53122, 0.02, 0.05, 123, 3548, -16451.00, 1743.00, 2649.00, -0.11, 0.11, 0.28, 2146.00, 1702.00, 5035.00, -1916.00, 16038.00, -1488.00, -0.47, -0.15, 0.42, -436.00, -4624.00, 5619.00
53158, -0.01, 0.05, 120, 3548, -16462.00, 1703.00, 2564.00, -0.19, 0.03, 0.18, 2032.00, 1694.00, 4984.00, -1921.00, 16052.00, -1464.00, -0.56, -0.14, 0.60, -410.00, -4580.00, 5621.00
53191, -0.01, 0.08, 120, 1658, -16485.00, 1721.00, 2588.00, -0.13, 0.12, 0.22, 2086.00, 1648.00, 5022.00, -1924.00, 16075.00, -1497.00, -0.52, -0.13, 0.48, -412.00, -4616.00, 5619.00
53230, -0.03, 0.00, 120, 1658, -16457.00, 1705.00, 2632.00, -0.09, 0.05, 0.23, 2078.00, 1650.00, 4961.00, -1889.00, 16049.00, -1501.00, -0.49, -0.17, 0.47, -432.00, -4644.00, 5581.00
53263, -0.01, 0.03, 121, 1658, -16433.00, 1681.00, 2609.00, -0.26, 0.04, 0.20, 2022.00, 1674.00, 4986.00, -1899.00, 16057.00, -1483.00, -0.58, -0.19, 0.59, -434.00, -4614.00, 5580.00
53297, 0.01, 0.07, 121, 1531, -16466.00, 1701.00, 2583.00, -0.09, 0.13, 0.29, 2136.00, 1636.00, 4941.00, -1923.00, 16063.00, -1507.00, -0.55, -0.21, 0.45, -492.00, -4630.00, 5597.00
53335, -0.02, 0.01, 121, 1531, -16466.00, 1696.00, 2597.00, -0.18, 0.05, 0.21, 2070.00, 1696.00, 4952.00, -1937.00, 16068.00, -1483.00, -0.48, -0.07, 0.50, -438.00, -4654.00, 5543.00
53370, -0.04, 0.03, 121, 3878, -16440.00, 1707.00, 2573.00, -0.18, 0.07, 0.24, 2096.00, 1660.00, 4933.00, -1898.00, 16054.00, -1489.00, -0.56, -0.28, 0.46, -388.00, -4640.00, 5574.00
53408, 0.07, 0.01, 121, 3878, -16455.00, 1706.00, 2609.00, -0.11, 0.17, 0.26, 2040.00, 1736.00, 4976.00, -1904.00, 16043.00, -1488.00, -0.52, -0.17, 0.53, -398.00, -4648.00, 5553.00
53442, -0.02, 0.09, 123, 3878, -16467.00, 1700.00, 2574.00, -0.19, 0.03, 0.24, 2072.00, 1696.00, 4979.00, -1944.00, 16046.00, -1480.00, -0.62, -0.19, 0.52, -420.00, -4640.00, 5570.00
53475, -0.01, 0.09, 123, 2470, -16475.00, 1718.00, 2632.00, -0.06, 0.11, 0.31, 2040.00, 1678.00, 5039.00, -1897.00, 16053.00, -1488.00, -0.52, -0.18, 0.52, -390.00, -4618.00, 5585.00
53513, -0.01, 0.02, 123, 2470, -16461.00, 1700.00, 2653.00, -0.16, 0.11, 0.20, 1974.00, 1674.00, 4986.00, -1901.00, 16063.00, -1471.00, -0.51, -0.09, 0.53, -410.00, -4632.00, 5563.00
53550, -0.03, -0.05, 121, 2774, -16477.00, 1727.00, 2568.00, -0.09, 0.02, 0.28, 2030.00, 1688.00, 4936.00, -1925.00, 16059.00, -1474.00, -0.60, -0.21, 0.56, -456.00, -4624.00, 5598.00
53588, -0.02, 0.07, 121, 2774, -16441.00, 1721.00, 2609.00, -0.10, 0.10, 0.28, 2062.00, 1718.00, 4976.00, -1926.00, 16072.00, -1473.00, -0.56, -0.19, 0.56, -432.00, -4660.00, 5614.00
53629, -0.03, 0.02, 123, 2774, -16477.00, 1702.00, 2567.00, -0.15, 0.10, 0.21, 2030.00, 1678.00, 5030.00, -1930.00, 16079.00, -1483.00, -0.43, -0.08, 0.48, -370.00, -4564.00, 5587.00
53662, -0.03, 0.04, 123, 1331, -16481.00, 1705.00, 2626.00, -0.18, 0.11, 0.23, 2068.00, 1674.00, 4969.00, -1906.00, 16080.00, -1467.00, -0.51, -0.19, 0.49, -450.00, -4654.00, 5618.00
53698, -0.01, -0.05, 123, 1331, -16478.00, 1701.00, 2593.00, -0.14, 0.17, 0.26, 2048.00, 1682.00, 5018.00, -1903.00, 16068.00, -1502.00, -0.55, -0.16, 0.54, -402.00, -4628.00, 5587.00
53732, -0.02, 0.03, 123, 1331, -16464.00, 1737.00, 2594.00, -0.19, 0.12, 0.21, 2046.00, 1722.00, 5033.00, -1916.00, 16068.00, -1474.00, -0.47, -0.13, 0.51, -402.00, -4596.00, 5588.00
53765, 0.03, 0.01, 123, 2786, -16467.00, 1693.00, 2617.00, -0.11, 0.07, 0.26, 2118.00, 1656.00, 5014.00, -1932.00, 16072.00, -1478.00, -0.56, -0.14, 0.57, -422.00, -4658.00, 5594.00
53801, 0.02, 0.00, 123, 2786, -16454.00, 1729.00, 2617.00, -0.22, 0.15, 0.23, 2066.00, 1674.00, 4999.00, -1893.00, 16076.00, -1510.00, -0.49, -0.16, 0.53, -432.00, -4596.00, 5600.00
53838, -0.07, 0.05, 121, 2380, -16461.00, 1699.00, 2639.00, -0.07, 0.04, 0.28, 2030.00, 1718.00, 4988.00, -1921.00, 16080.00, -1465.00, -0.57, -0.17, 0.56, -412.00, -4580.00, 5628.00
53876, -0.03, 0.03, 121, 2380, -16444.00, 1726.00, 2617.00, -0.16, 0.03, 0.23, 2060.00, 1746.00, 4925.00, -1957.00, 16057.00, -1491.00, -0.61, -0.17, 0.56, -400.00, -4602.00, 5609.00
53917, 0.03, -0.04, 124, 2380, -16453.00, 1706.00, 2596.00, -0.17, 0.15, 0.20, 2088.00, 1696.00, 4939.00, -1950.00, 16090.00, -1501.00, -0.53, -0.19, 0.52, -386.00, -4640.00, 5594.00
53950, 0.01, -0.01, 124, 2201, -16471.00, 1696.00, 2633.00, -0.10, 0.07, 0.25, 1998.00, 1670.00, 4941.00, -1929.00, 16050.00, -1490.00, -0.54, -0.11, 0.53, -380.00, -4660.00, 5609.00
53988, 0.02, 0.08, 124, 2201, -16439.00, 1689.00, 2598.00, -0.19, 0.04, 0.22, 2074.00, 1686.00, 4951.00, -1898.00, 16041.00, -1497.00, -0.56, -0.16, 0.56, -412.00, -4678.00, 5616.00
54024, -0.01, -0.05, 119, 1739, -16488.00, 1726.00, 2577.00, -0.09, 0.11, 0.31, 2030.00, 1668.00, 5003.00, -1930.00, 16084.00, -1468.00, -0.52, -0.08, 0.46, -450.00, -4642.00, 5558.00
54057, 0.01, 0.03, 119, 1739, -16451.00, 1714.00, 2567.00, -0.13, 0.00, 0.23, 2108.00, 1660.00, 4965.00, -1899.00, 16064.00, -1472.00, -0.57, -0.11, 0.60, -456.00, -4604.00, 5560.00
54098, -0.02, 0.00, 121, 1739, -16439.00, 1708.00, 2616.00, -0.19, 0.09, 0.20, 2070.00, 1700.00, 4969.00, -1878.00, 16051.00, -1470.00, -0.62, -0.19, 0.52, -482.00, -4638.00, 5641.00
54132, -0.05, 0.04, 121, 855, -16479.00, 1706.00, 2597.00, -0.08, 0.10, 0.26, 2012.00, 1684.00, 4992.00, -1931.00, 16065.00, -1494.00, -0.53, -0.16, 0.52, -432.00, -4668.00, 5625.00
54169, -0.03, 0.02, 121, 855, -16465.00, 1700.00, 2570.00, -0.21, 0.05, 0.16, 1994.00, 1712.00, 4987.00, -1914.00, 16049.00, -1489.00, -0.58, -0.15, 0.56, -424.00, -4620.00, 5602.00
54206, 0.01, -0.08, 121, 2429, -16462.00, 1729.00, 2623.00, -0.08, 0.11, 0.28, 2010.00, 1712.00, 4988.00, -1913.00, 16084.00, -1507.00, -0.55, -0.17, 0.51, -420.00, -4608.00, 5628.00
54243, -0.00, 0.03, 121, 2429, -16474.00, 1690.00, 2594.00, -0.10, 0.13, 0.26, 2014.00, 1692.00, 5027.00, -1921.00, 16070.00, -1481.00, -0.57, -0.14, 0.53, -414.00, -4578.00, 5615.00
54284, 0.06, 0.03, 120, 2429, -16463.00, 1707.00, 2616.00, -0.20, 0.06, 0.21, 2014.00, 1668.00, 4973.00, -1905.00, 16067.00, -1510.00, -0.59, -0.22, 0.55, -460.00, -4622.00, 5588.00
54318, 0.05, 0.03, 120, 2278, -16462.00, 1699.00, 2583.00, -0.09, 0.09, 0.25, 2082.00, 1710.00, 4973.00, -1950.00, 16055.00, -1489.00, -0.50, -0.16, 0.52, -418.00, -4680.00, 5554.00
54352, 0.05, -0.00, 120, 2278, -16454.00, 1706.00, 2616.00, -0.17, 0.08, 0.22, 2046.00, 1710.00, 5028.00, -1904.00, 16045.00, -1483.00, -0.55, -0.08, 0.48, -414.00, -4610.00, 5583.00
54386, 0.01, -0.04, 123, 2278, -16477.00, 1714.00, 2587.00, -0.19, 0.07, 0.23, 1988.00, 1678.00, 5029.00, -1896.00, 16065.00, -1474.00, -0.56, -0.18, 0.50, -444.00, -4628.00, 5587.00
